2026-02-11T11:57:45.722+05:30 DEBUG 22376 --- [gametout] [background-preinit] org.jboss.logging                        : Logging Provider: org.jboss.logging.Slf4jLoggerProvider found via system property
2026-02-11T11:57:45.795+05:30 DEBUG 22376 --- [gametout] [background-preinit] o.h.v.i.xml.config.ValidationXmlParser   : Trying to load META-INF/validation.xml for XML based Validator configuration.
2026-02-11T11:57:45.799+05:30 DEBUG 22376 --- [gametout] [background-preinit] o.h.v.i.xml.config.ResourceLoaderHelper  : Trying to load META-INF/validation.xml via TCCL
2026-02-11T11:57:45.801+05:30 DEBUG 22376 --- [gametout] [background-preinit] o.h.v.i.xml.config.ResourceLoaderHelper  : Trying to load META-INF/validation.xml via Hibernate Validator's class loader
2026-02-11T11:57:45.802+05:30 DEBUG 22376 --- [gametout] [background-preinit] o.h.v.i.xml.config.ValidationXmlParser   : No META-INF/validation.xml found. Using annotation based configuration only.
2026-02-11T11:57:45.821+05:30 DEBUG 22376 --- [gametout] [background-preinit] o.h.v.i.e.resolver.TraversableResolvers  : Found jakarta.persistence.Persistence on classpath containing 'getPersistenceUtil'. Assuming JPA 2 environment. Trying to instantiate JPA aware TraversableResolver
2026-02-11T11:57:45.823+05:30 DEBUG 22376 --- [gametout] [background-preinit] o.h.v.i.e.resolver.TraversableResolvers  : Instantiated JPA aware TraversableResolver of type org.hibernate.validator.internal.engine.resolver.JPATraversableResolver.
2026-02-11T11:57:45.880+05:30  INFO 22376 --- [gametout] [main] c.gametout.gametout.GametoutApplication  : Starting GametoutApplication using Java 21.0.6 with PID 22376 (D:\dev\GameTout\GameTout-Backend\gametout\build\classes\java\main started by gargd in D:\dev\GameTout\GameTout-Backend\gametout)
2026-02-11T11:57:45.882+05:30 DEBUG 22376 --- [gametout] [main] c.gametout.gametout.GametoutApplication  : Running with Spring Boot v3.3.4, Spring v6.1.13
2026-02-11T11:57:45.884+05:30  INFO 22376 --- [gametout] [main] c.gametout.gametout.GametoutApplication  : No active profile set, falling back to 1 default profile: "default"
2026-02-11T11:57:45.886+05:30 DEBUG 22376 --- [gametout] [main] o.s.boot.SpringApplication               : Loading source class com.gametout.gametout.GametoutApplication
2026-02-11T11:57:45.905+05:30 DEBUG 22376 --- [gametout] [background-preinit] .h.v.m.ResourceBundleMessageInterpolator : Loaded expression factory via original TCCL
2026-02-11T11:57:46.053+05:30 DEBUG 22376 --- [gametout] [main] ConfigServletWebServerApplicationContext : Preparing bean factory for AOT processing
2026-02-11T11:57:46.056+05:30 DEBUG 22376 --- [gametout] [main] ConfigServletWebServerApplicationContext : Refreshing org.springframework.boot.web.servlet.context.AnnotationConfigServletWebServerApplicationContext@3401a114
2026-02-11T11:57:46.105+05:30 DEBUG 22376 --- [gametout] [main] o.s.b.f.s.DefaultListableBeanFactory     : Creating shared instance of singleton bean 'org.springframework.context.annotation.internalConfigurationAnnotationProcessor'
2026-02-11T11:57:46.138+05:30 DEBUG 22376 --- [gametout] [main] o.s.b.f.s.DefaultListableBeanFactory     : Creating shared instance of singleton bean 'org.springframework.boot.autoconfigure.internalCachingMetadataReaderFactory'
2026-02-11T11:57:46.151+05:30 DEBUG 22376 --- [gametout] [background-preinit] .i.e.ValidatorFactoryConfigurationHelper : HV000252: Using org.hibernate.validator.internal.engine.DefaultPropertyNodeNameProvider as property node name provider.
2026-02-11T11:57:46.163+05:30 DEBUG 22376 --- [gametout] [background-preinit] .i.e.ValidatorFactoryConfigurationHelper : HV000234: Using org.hibernate.validator.messageinterpolation.ResourceBundleMessageInterpolator as ValidatorFactory-scoped message interpolator.
2026-02-11T11:57:46.163+05:30 DEBUG 22376 --- [gametout] [background-preinit] .i.e.ValidatorFactoryConfigurationHelper : HV000234: Using org.hibernate.validator.internal.engine.resolver.JPATraversableResolver as ValidatorFactory-scoped traversable resolver.
2026-02-11T11:57:46.164+05:30 DEBUG 22376 --- [gametout] [background-preinit] .i.e.ValidatorFactoryConfigurationHelper : HV000234: Using org.hibernate.validator.internal.util.ExecutableParameterNameProvider as ValidatorFactory-scoped parameter name provider.
2026-02-11T11:57:46.165+05:30 DEBUG 22376 --- [gametout] [background-preinit] .i.e.ValidatorFactoryConfigurationHelper : HV000234: Using org.hibernate.validator.internal.engine.DefaultClockProvider as ValidatorFactory-scoped clock provider.
2026-02-11T11:57:46.165+05:30 DEBUG 22376 --- [gametout] [background-preinit] .i.e.ValidatorFactoryConfigurationHelper : HV000234: Using org.hibernate.validator.internal.engine.scripting.DefaultScriptEvaluatorFactory as ValidatorFactory-scoped script evaluator factory.
2026-02-11T11:57:46.314+05:30 DEBUG 22376 --- [gametout] [main] o.s.c.a.ClassPathBeanDefinitionScanner   : Identified candidate component class: file [D:\dev\GameTout\GameTout-Backend\gametout\build\classes\java\main\com\gametout\gametout\configuration\FirebaseConfig.class]
2026-02-11T11:57:46.326+05:30 DEBUG 22376 --- [gametout] [main] o.s.c.a.ClassPathBeanDefinitionScanner   : Identified candidate component class: file [D:\dev\GameTout\GameTout-Backend\gametout\build\classes\java\main\com\gametout\gametout\configuration\OAuth2Config.class]
2026-02-11T11:57:46.333+05:30 DEBUG 22376 --- [gametout] [main] o.s.c.a.ClassPathBeanDefinitionScanner   : Identified candidate component class: file [D:\dev\GameTout\GameTout-Backend\gametout\build\classes\java\main\com\gametout\gametout\configuration\RedisConfig.class]
2026-02-11T11:57:46.336+05:30 DEBUG 22376 --- [gametout] [main] o.s.c.a.ClassPathBeanDefinitionScanner   : Identified candidate component class: file [D:\dev\GameTout\GameTout-Backend\gametout\build\classes\java\main\com\gametout\gametout\configuration\S3Config.class]
2026-02-11T11:57:46.348+05:30 DEBUG 22376 --- [gametout] [main] o.s.c.a.ClassPathBeanDefinitionScanner   : Identified candidate component class: file [D:\dev\GameTout\GameTout-Backend\gametout\build\classes\java\main\com\gametout\gametout\configuration\SecurityConfig.class]
2026-02-11T11:57:46.354+05:30 DEBUG 22376 --- [gametout] [main] o.s.c.a.ClassPathBeanDefinitionScanner   : Identified candidate component class: file [D:\dev\GameTout\GameTout-Backend\gametout\build\classes\java\main\com\gametout\gametout\config\RazorpayConfig.class]
2026-02-11T11:57:46.378+05:30 DEBUG 22376 --- [gametout] [main] o.s.c.a.ClassPathBeanDefinitionScanner   : Identified candidate component class: file [D:\dev\GameTout\GameTout-Backend\gametout\build\classes\java\main\com\gametout\gametout\controller\AdminContentBlockController.class]
2026-02-11T11:57:46.386+05:30 DEBUG 22376 --- [gametout] [main] o.s.c.a.ClassPathBeanDefinitionScanner   : Identified candidate component class: file [D:\dev\GameTout\GameTout-Backend\gametout\build\classes\java\main\com\gametout\gametout\controller\AdminPostController.class]
2026-02-11T11:57:46.391+05:30 DEBUG 22376 --- [gametout] [main] o.s.c.a.ClassPathBeanDefinitionScanner   : Identified candidate component class: file [D:\dev\GameTout\GameTout-Backend\gametout\build\classes\java\main\com\gametout\gametout\controller\AdminStudioController.class]
2026-02-11T11:57:46.395+05:30 DEBUG 22376 --- [gametout] [main] o.s.c.a.ClassPathBeanDefinitionScanner   : Identified candidate component class: file [D:\dev\GameTout\GameTout-Backend\gametout\build\classes\java\main\com\gametout\gametout\controller\AdminUserController.class]
2026-02-11T11:57:46.397+05:30 DEBUG 22376 --- [gametout] [main] o.s.c.a.ClassPathBeanDefinitionScanner   : Identified candidate component class: file [D:\dev\GameTout\GameTout-Backend\gametout\build\classes\java\main\com\gametout\gametout\controller\AuthController.class]
2026-02-11T11:57:46.402+05:30 DEBUG 22376 --- [gametout] [main] o.s.c.a.ClassPathBeanDefinitionScanner   : Identified candidate component class: file [D:\dev\GameTout\GameTout-Backend\gametout\build\classes\java\main\com\gametout\gametout\controller\BlogPostsController.class]
2026-02-11T11:57:46.404+05:30 DEBUG 22376 --- [gametout] [main] o.s.c.a.ClassPathBeanDefinitionScanner   : Identified candidate component class: file [D:\dev\GameTout\GameTout-Backend\gametout\build\classes\java\main\com\gametout\gametout\controller\FeaturedPostsController.class]
2026-02-11T11:57:46.406+05:30 DEBUG 22376 --- [gametout] [main] o.s.c.a.ClassPathBeanDefinitionScanner   : Identified candidate component class: file [D:\dev\GameTout\GameTout-Backend\gametout\build\classes\java\main\com\gametout\gametout\controller\HeadlinesPostsController.class]
2026-02-11T11:57:46.411+05:30 DEBUG 22376 --- [gametout] [main] o.s.c.a.ClassPathBeanDefinitionScanner   : Identified candidate component class: file [D:\dev\GameTout\GameTout-Backend\gametout\build\classes\java\main\com\gametout\gametout\controller\MediaPresignController.class]
2026-02-11T11:57:46.413+05:30 DEBUG 22376 --- [gametout] [main] o.s.c.a.ClassPathBeanDefinitionScanner   : Identified candidate component class: file [D:\dev\GameTout\GameTout-Backend\gametout\build\classes\java\main\com\gametout\gametout\controller\OAuth2Controller.class]
2026-02-11T11:57:46.416+05:30 DEBUG 22376 --- [gametout] [main] o.s.c.a.ClassPathBeanDefinitionScanner   : Identified candidate component class: file [D:\dev\GameTout\GameTout-Backend\gametout\build\classes\java\main\com\gametout\gametout\controller\PaymentController.class]
2026-02-11T11:57:46.421+05:30 DEBUG 22376 --- [gametout] [main] o.s.c.a.ClassPathBeanDefinitionScanner   : Identified candidate component class: file [D:\dev\GameTout\GameTout-Backend\gametout\build\classes\java\main\com\gametout\gametout\controller\PortfolioController.class]
2026-02-11T11:57:46.424+05:30 DEBUG 22376 --- [gametout] [main] o.s.c.a.ClassPathBeanDefinitionScanner   : Identified candidate component class: file [D:\dev\GameTout\GameTout-Backend\gametout\build\classes\java\main\com\gametout\gametout\controller\PortfolioSearchController.class]
2026-02-11T11:57:46.426+05:30 DEBUG 22376 --- [gametout] [main] o.s.c.a.ClassPathBeanDefinitionScanner   : Identified candidate component class: file [D:\dev\GameTout\GameTout-Backend\gametout\build\classes\java\main\com\gametout\gametout\controller\PostContentBlocksController.class]
2026-02-11T11:57:46.428+05:30 DEBUG 22376 --- [gametout] [main] o.s.c.a.ClassPathBeanDefinitionScanner   : Identified candidate component class: file [D:\dev\GameTout\GameTout-Backend\gametout\build\classes\java\main\com\gametout\gametout\controller\PostTagsController.class]
2026-02-11T11:57:46.429+05:30 DEBUG 22376 --- [gametout] [main] o.s.c.a.ClassPathBeanDefinitionScanner   : Identified candidate component class: file [D:\dev\GameTout\GameTout-Backend\gametout\build\classes\java\main\com\gametout\gametout\controller\SubscriptionController.class]
2026-02-11T11:57:46.432+05:30 DEBUG 22376 --- [gametout] [main] o.s.c.a.ClassPathBeanDefinitionScanner   : Identified candidate component class: file [D:\dev\GameTout\GameTout-Backend\gametout\build\classes\java\main\com\gametout\gametout\controller\UserStudioController.class]
2026-02-11T11:57:46.551+05:30 DEBUG 22376 --- [gametout] [main] o.s.c.a.ClassPathBeanDefinitionScanner   : Identified candidate component class: file [D:\dev\GameTout\GameTout-Backend\gametout\build\classes\java\main\com\gametout\gametout\filter\FirebaseAuthenticationFilter.class]
2026-02-11T11:57:46.552+05:30 DEBUG 22376 --- [gametout] [main] o.s.c.a.ClassPathBeanDefinitionScanner   : Identified candidate component class: file [D:\dev\GameTout\GameTout-Backend\gametout\build\classes\java\main\com\gametout\gametout\filter\OAuth2AuthenticationFilter.class]
2026-02-11T11:57:46.555+05:30 DEBUG 22376 --- [gametout] [main] o.s.c.a.ClassPathBeanDefinitionScanner   : Identified candidate component class: file [D:\dev\GameTout\GameTout-Backend\gametout\build\classes\java\main\com\gametout\gametout\mapper\BlogPostMapper.class]
2026-02-11T11:57:46.562+05:30 DEBUG 22376 --- [gametout] [main] o.s.c.a.ClassPathBeanDefinitionScanner   : Ignored because not a concrete top-level class: file [D:\dev\GameTout\GameTout-Backend\gametout\build\classes\java\main\com\gametout\gametout\repository\FeaturedPostsRepository.class]
2026-02-11T11:57:46.564+05:30 DEBUG 22376 --- [gametout] [main] o.s.c.a.ClassPathBeanDefinitionScanner   : Ignored because not a concrete top-level class: file [D:\dev\GameTout\GameTout-Backend\gametout\build\classes\java\main\com\gametout\gametout\repository\HeadlinesPostsRepository.class]
2026-02-11T11:57:46.565+05:30 DEBUG 22376 --- [gametout] [main] o.s.c.a.ClassPathBeanDefinitionScanner   : Ignored because not a concrete top-level class: file [D:\dev\GameTout\GameTout-Backend\gametout\build\classes\java\main\com\gametout\gametout\repository\OAuthConnectionRepository.class]
2026-02-11T11:57:46.567+05:30 DEBUG 22376 --- [gametout] [main] o.s.c.a.ClassPathBeanDefinitionScanner   : Ignored because not a concrete top-level class: file [D:\dev\GameTout\GameTout-Backend\gametout\build\classes\java\main\com\gametout\gametout\repository\PaymentTransactionRepository.class]
2026-02-11T11:57:46.568+05:30 DEBUG 22376 --- [gametout] [main] o.s.c.a.ClassPathBeanDefinitionScanner   : Ignored because not a concrete top-level class: file [D:\dev\GameTout\GameTout-Backend\gametout\build\classes\java\main\com\gametout\gametout\repository\PortfolioLikeRepository.class]
2026-02-11T11:57:46.571+05:30 DEBUG 22376 --- [gametout] [main] o.s.c.a.ClassPathBeanDefinitionScanner   : Ignored because not a concrete top-level class: file [D:\dev\GameTout\GameTout-Backend\gametout\build\classes\java\main\com\gametout\gametout\repository\PortfolioRepository.class]
2026-02-11T11:57:46.572+05:30 DEBUG 22376 --- [gametout] [main] o.s.c.a.ClassPathBeanDefinitionScanner   : Ignored because not a concrete top-level class: file [D:\dev\GameTout\GameTout-Backend\gametout\build\classes\java\main\com\gametout\gametout\repository\PortfolioResumeRepository.class]
2026-02-11T11:57:46.574+05:30 DEBUG 22376 --- [gametout] [main] o.s.c.a.ClassPathBeanDefinitionScanner   : Ignored because not a concrete top-level class: file [D:\dev\GameTout\GameTout-Backend\gametout\build\classes\java\main\com\gametout\gametout\repository\PortfolioSearchRepository.class]
2026-02-11T11:57:46.576+05:30 DEBUG 22376 --- [gametout] [main] o.s.c.a.ClassPathBeanDefinitionScanner   : Ignored because not a concrete top-level class: file [D:\dev\GameTout\GameTout-Backend\gametout\build\classes\java\main\com\gametout\gametout\repository\PortfolioSkillRepository.class]
2026-02-11T11:57:46.577+05:30 DEBUG 22376 --- [gametout] [main] o.s.c.a.ClassPathBeanDefinitionScanner   : Ignored because not a concrete top-level class: file [D:\dev\GameTout\GameTout-Backend\gametout\build\classes\java\main\com\gametout\gametout\repository\PortfolioSocialRepository.class]
2026-02-11T11:57:46.579+05:30 DEBUG 22376 --- [gametout] [main] o.s.c.a.ClassPathBeanDefinitionScanner   : Ignored because not a concrete top-level class: file [D:\dev\GameTout\GameTout-Backend\gametout\build\classes\java\main\com\gametout\gametout\repository\PostContentBlocksRepository.class]
2026-02-11T11:57:46.580+05:30 DEBUG 22376 --- [gametout] [main] o.s.c.a.ClassPathBeanDefinitionScanner   : Ignored because not a concrete top-level class: file [D:\dev\GameTout\GameTout-Backend\gametout\build\classes\java\main\com\gametout\gametout\repository\PostRepository.class]
2026-02-11T11:57:46.582+05:30 DEBUG 22376 --- [gametout] [main] o.s.c.a.ClassPathBeanDefinitionScanner   : Ignored because not a concrete top-level class: file [D:\dev\GameTout\GameTout-Backend\gametout\build\classes\java\main\com\gametout\gametout\repository\PostTagsRepository.class]
2026-02-11T11:57:46.585+05:30 DEBUG 22376 --- [gametout] [main] o.s.c.a.ClassPathBeanDefinitionScanner   : Ignored because not a concrete top-level class: file [D:\dev\GameTout\GameTout-Backend\gametout\build\classes\java\main\com\gametout\gametout\repository\StudioRatingRepository.class]
2026-02-11T11:57:46.586+05:30 DEBUG 22376 --- [gametout] [main] o.s.c.a.ClassPathBeanDefinitionScanner   : Ignored because not a concrete top-level class: file [D:\dev\GameTout\GameTout-Backend\gametout\build\classes\java\main\com\gametout\gametout\repository\StudiosRepository.class]
2026-02-11T11:57:46.588+05:30 DEBUG 22376 --- [gametout] [main] o.s.c.a.ClassPathBeanDefinitionScanner   : Ignored because not a concrete top-level class: file [D:\dev\GameTout\GameTout-Backend\gametout\build\classes\java\main\com\gametout\gametout\repository\SubscriptionRepository.class]
2026-02-11T11:57:46.591+05:30 DEBUG 22376 --- [gametout] [main] o.s.c.a.ClassPathBeanDefinitionScanner   : Ignored because not a concrete top-level class: file [D:\dev\GameTout\GameTout-Backend\gametout\build\classes\java\main\com\gametout\gametout\repository\UserAccountRepository.class]
2026-02-11T11:57:46.598+05:30 DEBUG 22376 --- [gametout] [main] o.s.c.a.ClassPathBeanDefinitionScanner   : Identified candidate component class: file [D:\dev\GameTout\GameTout-Backend\gametout\build\classes\java\main\com\gametout\gametout\service\AdminContentBlockService.class]
2026-02-11T11:57:46.600+05:30 DEBUG 22376 --- [gametout] [main] o.s.c.a.ClassPathBeanDefinitionScanner   : Identified candidate component class: file [D:\dev\GameTout\GameTout-Backend\gametout\build\classes\java\main\com\gametout\gametout\service\AdminPostService.class]
2026-02-11T11:57:46.603+05:30 DEBUG 22376 --- [gametout] [main] o.s.c.a.ClassPathBeanDefinitionScanner   : Identified candidate component class: file [D:\dev\GameTout\GameTout-Backend\gametout\build\classes\java\main\com\gametout\gametout\service\AuthService.class]
2026-02-11T11:57:46.607+05:30 DEBUG 22376 --- [gametout] [main] o.s.c.a.ClassPathBeanDefinitionScanner   : Identified candidate component class: file [D:\dev\GameTout\GameTout-Backend\gametout\build\classes\java\main\com\gametout\gametout\service\BlogPostsService.class]
2026-02-11T11:57:46.609+05:30 DEBUG 22376 --- [gametout] [main] o.s.c.a.ClassPathBeanDefinitionScanner   : Identified candidate component class: file [D:\dev\GameTout\GameTout-Backend\gametout\build\classes\java\main\com\gametout\gametout\service\FeaturedPostsService.class]
2026-02-11T11:57:46.611+05:30 DEBUG 22376 --- [gametout] [main] o.s.c.a.ClassPathBeanDefinitionScanner   : Identified candidate component class: file [D:\dev\GameTout\GameTout-Backend\gametout\build\classes\java\main\com\gametout\gametout\service\FirebaseTokenService.class]
2026-02-11T11:57:46.613+05:30 DEBUG 22376 --- [gametout] [main] o.s.c.a.ClassPathBeanDefinitionScanner   : Identified candidate component class: file [D:\dev\GameTout\GameTout-Backend\gametout\build\classes\java\main\com\gametout\gametout\service\HeadlinesPostsService.class]
2026-02-11T11:57:46.614+05:30 DEBUG 22376 --- [gametout] [main] o.s.c.a.ClassPathBeanDefinitionScanner   : Identified candidate component class: file [D:\dev\GameTout\GameTout-Backend\gametout\build\classes\java\main\com\gametout\gametout\service\JwtService.class]
2026-02-11T11:57:46.616+05:30 DEBUG 22376 --- [gametout] [main] o.s.c.a.ClassPathBeanDefinitionScanner   : Identified candidate component class: file [D:\dev\GameTout\GameTout-Backend\gametout\build\classes\java\main\com\gametout\gametout\service\MediaPresignService.class]
2026-02-11T11:57:46.618+05:30 DEBUG 22376 --- [gametout] [main] o.s.c.a.ClassPathBeanDefinitionScanner   : Identified candidate component class: file [D:\dev\GameTout\GameTout-Backend\gametout\build\classes\java\main\com\gametout\gametout\service\OAuth2Service.class]
2026-02-11T11:57:46.620+05:30 DEBUG 22376 --- [gametout] [main] o.s.c.a.ClassPathBeanDefinitionScanner   : Identified candidate component class: file [D:\dev\GameTout\GameTout-Backend\gametout\build\classes\java\main\com\gametout\gametout\service\oauth2\DiscordOAuth2Provider.class]
2026-02-11T11:57:46.622+05:30 DEBUG 22376 --- [gametout] [main] o.s.c.a.ClassPathBeanDefinitionScanner   : Identified candidate component class: file [D:\dev\GameTout\GameTout-Backend\gametout\build\classes\java\main\com\gametout\gametout\service\oauth2\LinkedInOAuth2Provider.class]
2026-02-11T11:57:46.625+05:30 DEBUG 22376 --- [gametout] [main] o.s.c.a.ClassPathBeanDefinitionScanner   : Identified candidate component class: file [D:\dev\GameTout\GameTout-Backend\gametout\build\classes\java\main\com\gametout\gametout\service\oauth2\SteamOAuth2Provider.class]
2026-02-11T11:57:46.627+05:30 DEBUG 22376 --- [gametout] [main] o.s.c.a.ClassPathBeanDefinitionScanner   : Identified candidate component class: file [D:\dev\GameTout\GameTout-Backend\gametout\build\classes\java\main\com\gametout\gametout\service\PaymentService.class]
2026-02-11T11:57:46.629+05:30 DEBUG 22376 --- [gametout] [main] o.s.c.a.ClassPathBeanDefinitionScanner   : Identified candidate component class: file [D:\dev\GameTout\GameTout-Backend\gametout\build\classes\java\main\com\gametout\gametout\service\PortfolioSearchService.class]
2026-02-11T11:57:46.630+05:30 DEBUG 22376 --- [gametout] [main] o.s.c.a.ClassPathBeanDefinitionScanner   : Identified candidate component class: file [D:\dev\GameTout\GameTout-Backend\gametout\build\classes\java\main\com\gametout\gametout\service\PortfolioService.class]
2026-02-11T11:57:46.632+05:30 DEBUG 22376 --- [gametout] [main] o.s.c.a.ClassPathBeanDefinitionScanner   : Identified candidate component class: file [D:\dev\GameTout\GameTout-Backend\gametout\build\classes\java\main\com\gametout\gametout\service\PostContentBlocksService.class]
2026-02-11T11:57:46.633+05:30 DEBUG 22376 --- [gametout] [main] o.s.c.a.ClassPathBeanDefinitionScanner   : Identified candidate component class: file [D:\dev\GameTout\GameTout-Backend\gametout\build\classes\java\main\com\gametout\gametout\service\PostTagsService.class]
2026-02-11T11:57:46.637+05:30 DEBUG 22376 --- [gametout] [main] o.s.c.a.ClassPathBeanDefinitionScanner   : Identified candidate component class: file [D:\dev\GameTout\GameTout-Backend\gametout\build\classes\java\main\com\gametout\gametout\service\StudiosService.class]
2026-02-11T11:57:46.642+05:30 DEBUG 22376 --- [gametout] [main] o.s.c.a.ClassPathBeanDefinitionScanner   : Identified candidate component class: file [D:\dev\GameTout\GameTout-Backend\gametout\build\classes\java\main\com\gametout\gametout\service\SubscriptionService.class]
2026-02-11T11:57:46.643+05:30 DEBUG 22376 --- [gametout] [main] o.s.c.a.ClassPathBeanDefinitionScanner   : Identified candidate component class: file [D:\dev\GameTout\GameTout-Backend\gametout\build\classes\java\main\com\gametout\gametout\service\UserProvisioningService.class]
2026-02-11T11:57:46.649+05:30 DEBUG 22376 --- [gametout] [main] o.s.c.a.ClassPathBeanDefinitionScanner   : Identified candidate component class: file [D:\dev\GameTout\GameTout-Backend\gametout\build\classes\java\main\com\gametout\gametout\verification\EmailVerificationAspect.class]
2026-02-11T11:57:48.370+05:30 DEBUG 22376 --- [gametout] [main] ssPathScanningCandidateComponentProvider : Identified candidate component class: file [D:\dev\GameTout\GameTout-Backend\gametout\build\classes\java\main\com\gametout\gametout\configuration\OAuth2Config.class]
2026-02-11T11:57:48.371+05:30 DEBUG 22376 --- [gametout] [main] ssPathScanningCandidateComponentProvider : Identified candidate component class: file [D:\dev\GameTout\GameTout-Backend\gametout\build\classes\java\main\com\gametout\gametout\config\RazorpayConfig.class]
2026-02-11T11:57:48.675+05:30 DEBUG 22376 --- [gametout] [main] i.g.r.s.u.RxJava2OnClasspathCondition    : RxJava2 related Aspect extensions are not activated, because RxJava2 is not on the classpath.
2026-02-11T11:57:48.677+05:30 DEBUG 22376 --- [gametout] [main] i.g.r.s.u.ReactorOnClasspathCondition    : Reactor related Aspect extensions are not activated because Resilience4j Reactor module is not on the classpath.
2026-02-11T11:57:48.702+05:30 DEBUG 22376 --- [gametout] [main] i.g.r.s.u.RxJava2OnClasspathCondition    : RxJava2 related Aspect extensions are not activated, because RxJava2 is not on the classpath.
2026-02-11T11:57:48.702+05:30 DEBUG 22376 --- [gametout] [main] i.g.r.s.u.ReactorOnClasspathCondition    : Reactor related Aspect extensions are not activated because Resilience4j Reactor module is not on the classpath.
2026-02-11T11:57:48.774+05:30 DEBUG 22376 --- [gametout] [main] i.g.r.s.u.RxJava2OnClasspathCondition    : RxJava2 related Aspect extensions are not activated, because RxJava2 is not on the classpath.
2026-02-11T11:57:48.775+05:30 DEBUG 22376 --- [gametout] [main] i.g.r.s.u.ReactorOnClasspathCondition    : Reactor related Aspect extensions are not activated because Resilience4j Reactor module is not on the classpath.
2026-02-11T11:57:48.821+05:30 DEBUG 22376 --- [gametout] [main] i.g.r.s.u.RxJava2OnClasspathCondition    : RxJava2 related Aspect extensions are not activated, because RxJava2 is not on the classpath.
2026-02-11T11:57:48.822+05:30 DEBUG 22376 --- [gametout] [main] i.g.r.s.u.ReactorOnClasspathCondition    : Reactor related Aspect extensions are not activated because Resilience4j Reactor module is not on the classpath.
2026-02-11T11:57:48.860+05:30 DEBUG 22376 --- [gametout] [main] i.g.r.s.u.RxJava2OnClasspathCondition    : RxJava2 related Aspect extensions are not activated, because RxJava2 is not on the classpath.
2026-02-11T11:57:48.861+05:30 DEBUG 22376 --- [gametout] [main] i.g.r.s.u.ReactorOnClasspathCondition    : Reactor related Aspect extensions are not activated because Resilience4j Reactor module is not on the classpath.
2026-02-11T11:57:48.890+05:30 DEBUG 22376 --- [gametout] [main] i.g.r.s.u.RxJava2OnClasspathCondition    : RxJava2 related Aspect extensions are not activated, because RxJava2 is not on the classpath.
2026-02-11T11:57:48.891+05:30 DEBUG 22376 --- [gametout] [main] i.g.r.s.u.ReactorOnClasspathCondition    : Reactor related Aspect extensions are not activated because Resilience4j Reactor module is not on the classpath.
2026-02-11T11:57:49.456+05:30  INFO 22376 --- [gametout] [main] .s.d.r.c.RepositoryConfigurationDelegate : Multiple Spring Data modules found, entering strict repository configuration mode
2026-02-11T11:57:49.461+05:30  INFO 22376 --- [gametout] [main] .s.d.r.c.RepositoryConfigurationDelegate : Bootstrapping Spring Data JPA repositories in DEFAULT mode.
2026-02-11T11:57:49.478+05:30 DEBUG 22376 --- [gametout] [main] o.s.b.f.s.DefaultListableBeanFactory     : Creating shared instance of singleton bean 'org.springframework.boot.autoconfigure.AutoConfigurationPackages'
2026-02-11T11:57:49.497+05:30 DEBUG 22376 --- [gametout] [main] o.s.b.a.AutoConfigurationPackages        : @EnableAutoConfiguration was declared on a class in the package 'com.gametout.gametout'. Automatic @Repository and @Entity scanning is enabled.
2026-02-11T11:57:49.501+05:30 DEBUG 22376 --- [gametout] [main] .s.d.r.c.RepositoryConfigurationDelegate : Scanning for JPA repositories in packages com.gametout.gametout.
2026-02-11T11:57:49.540+05:30 DEBUG 22376 --- [gametout] [main] o.s.d.r.c.RepositoryComponentProvider    : Identified candidate component class: file [D:\dev\GameTout\GameTout-Backend\gametout\build\classes\java\main\com\gametout\gametout\repository\FeaturedPostsRepository.class]
2026-02-11T11:57:49.541+05:30 DEBUG 22376 --- [gametout] [main] o.s.d.r.c.RepositoryComponentProvider    : Identified candidate component class: file [D:\dev\GameTout\GameTout-Backend\gametout\build\classes\java\main\com\gametout\gametout\repository\HeadlinesPostsRepository.class]
2026-02-11T11:57:49.542+05:30 DEBUG 22376 --- [gametout] [main] o.s.d.r.c.RepositoryComponentProvider    : Identified candidate component class: file [D:\dev\GameTout\GameTout-Backend\gametout\build\classes\java\main\com\gametout\gametout\repository\OAuthConnectionRepository.class]
2026-02-11T11:57:49.542+05:30 DEBUG 22376 --- [gametout] [main] o.s.d.r.c.RepositoryComponentProvider    : Identified candidate component class: file [D:\dev\GameTout\GameTout-Backend\gametout\build\classes\java\main\com\gametout\gametout\repository\PaymentTransactionRepository.class]
2026-02-11T11:57:49.542+05:30 DEBUG 22376 --- [gametout] [main] o.s.d.r.c.RepositoryComponentProvider    : Identified candidate component class: file [D:\dev\GameTout\GameTout-Backend\gametout\build\classes\java\main\com\gametout\gametout\repository\PortfolioLikeRepository.class]
2026-02-11T11:57:49.542+05:30 DEBUG 22376 --- [gametout] [main] o.s.d.r.c.RepositoryComponentProvider    : Identified candidate component class: file [D:\dev\GameTout\GameTout-Backend\gametout\build\classes\java\main\com\gametout\gametout\repository\PortfolioRepository.class]
2026-02-11T11:57:49.542+05:30 DEBUG 22376 --- [gametout] [main] o.s.d.r.c.RepositoryComponentProvider    : Identified candidate component class: file [D:\dev\GameTout\GameTout-Backend\gametout\build\classes\java\main\com\gametout\gametout\repository\PortfolioResumeRepository.class]
2026-02-11T11:57:49.542+05:30 DEBUG 22376 --- [gametout] [main] o.s.d.r.c.RepositoryComponentProvider    : Identified candidate component class: file [D:\dev\GameTout\GameTout-Backend\gametout\build\classes\java\main\com\gametout\gametout\repository\PortfolioSearchRepository.class]
2026-02-11T11:57:49.543+05:30 DEBUG 22376 --- [gametout] [main] o.s.d.r.c.RepositoryComponentProvider    : Identified candidate component class: file [D:\dev\GameTout\GameTout-Backend\gametout\build\classes\java\main\com\gametout\gametout\repository\PortfolioSkillRepository.class]
2026-02-11T11:57:49.543+05:30 DEBUG 22376 --- [gametout] [main] o.s.d.r.c.RepositoryComponentProvider    : Identified candidate component class: file [D:\dev\GameTout\GameTout-Backend\gametout\build\classes\java\main\com\gametout\gametout\repository\PortfolioSocialRepository.class]
2026-02-11T11:57:49.543+05:30 DEBUG 22376 --- [gametout] [main] o.s.d.r.c.RepositoryComponentProvider    : Identified candidate component class: file [D:\dev\GameTout\GameTout-Backend\gametout\build\classes\java\main\com\gametout\gametout\repository\PostContentBlocksRepository.class]
2026-02-11T11:57:49.543+05:30 DEBUG 22376 --- [gametout] [main] o.s.d.r.c.RepositoryComponentProvider    : Identified candidate component class: file [D:\dev\GameTout\GameTout-Backend\gametout\build\classes\java\main\com\gametout\gametout\repository\PostRepository.class]
2026-02-11T11:57:49.544+05:30 DEBUG 22376 --- [gametout] [main] o.s.d.r.c.RepositoryComponentProvider    : Identified candidate component class: file [D:\dev\GameTout\GameTout-Backend\gametout\build\classes\java\main\com\gametout\gametout\repository\PostTagsRepository.class]
2026-02-11T11:57:49.544+05:30 DEBUG 22376 --- [gametout] [main] o.s.d.r.c.RepositoryComponentProvider    : Identified candidate component class: file [D:\dev\GameTout\GameTout-Backend\gametout\build\classes\java\main\com\gametout\gametout\repository\StudioRatingRepository.class]
2026-02-11T11:57:49.544+05:30 DEBUG 22376 --- [gametout] [main] o.s.d.r.c.RepositoryComponentProvider    : Identified candidate component class: file [D:\dev\GameTout\GameTout-Backend\gametout\build\classes\java\main\com\gametout\gametout\repository\StudiosRepository.class]
2026-02-11T11:57:49.544+05:30 DEBUG 22376 --- [gametout] [main] o.s.d.r.c.RepositoryComponentProvider    : Identified candidate component class: file [D:\dev\GameTout\GameTout-Backend\gametout\build\classes\java\main\com\gametout\gametout\repository\SubscriptionRepository.class]
2026-02-11T11:57:49.545+05:30 DEBUG 22376 --- [gametout] [main] o.s.d.r.c.RepositoryComponentProvider    : Identified candidate component class: file [D:\dev\GameTout\GameTout-Backend\gametout\build\classes\java\main\com\gametout\gametout\repository\UserAccountRepository.class]
2026-02-11T11:57:50.047+05:30  INFO 22376 --- [gametout] [main] .s.d.r.c.RepositoryConfigurationDelegate : Finished Spring Data repository scanning in 542 ms. Found 17 JPA repository interfaces.
2026-02-11T11:57:50.095+05:30  INFO 22376 --- [gametout] [main] .s.d.r.c.RepositoryConfigurationDelegate : Multiple Spring Data modules found, entering strict repository configuration mode
2026-02-11T11:57:50.098+05:30  INFO 22376 --- [gametout] [main] .s.d.r.c.RepositoryConfigurationDelegate : Bootstrapping Spring Data Redis repositories in DEFAULT mode.
2026-02-11T11:57:50.123+05:30 DEBUG 22376 --- [gametout] [main] .s.d.r.c.RepositoryConfigurationDelegate : Scanning for Redis repositories in packages com.gametout.gametout.
2026-02-11T11:57:50.140+05:30 DEBUG 22376 --- [gametout] [main] o.s.d.r.c.RepositoryComponentProvider    : Identified candidate component class: file [D:\dev\GameTout\GameTout-Backend\gametout\build\classes\java\main\com\gametout\gametout\repository\FeaturedPostsRepository.class]
2026-02-11T11:57:50.140+05:30 DEBUG 22376 --- [gametout] [main] o.s.d.r.c.RepositoryComponentProvider    : Identified candidate component class: file [D:\dev\GameTout\GameTout-Backend\gametout\build\classes\java\main\com\gametout\gametout\repository\HeadlinesPostsRepository.class]
2026-02-11T11:57:50.141+05:30 DEBUG 22376 --- [gametout] [main] o.s.d.r.c.RepositoryComponentProvider    : Identified candidate component class: file [D:\dev\GameTout\GameTout-Backend\gametout\build\classes\java\main\com\gametout\gametout\repository\OAuthConnectionRepository.class]
2026-02-11T11:57:50.141+05:30 DEBUG 22376 --- [gametout] [main] o.s.d.r.c.RepositoryComponentProvider    : Identified candidate component class: file [D:\dev\GameTout\GameTout-Backend\gametout\build\classes\java\main\com\gametout\gametout\repository\PaymentTransactionRepository.class]
2026-02-11T11:57:50.142+05:30 DEBUG 22376 --- [gametout] [main] o.s.d.r.c.RepositoryComponentProvider    : Identified candidate component class: file [D:\dev\GameTout\GameTout-Backend\gametout\build\classes\java\main\com\gametout\gametout\repository\PortfolioLikeRepository.class]
2026-02-11T11:57:50.142+05:30 DEBUG 22376 --- [gametout] [main] o.s.d.r.c.RepositoryComponentProvider    : Identified candidate component class: file [D:\dev\GameTout\GameTout-Backend\gametout\build\classes\java\main\com\gametout\gametout\repository\PortfolioRepository.class]
2026-02-11T11:57:50.142+05:30 DEBUG 22376 --- [gametout] [main] o.s.d.r.c.RepositoryComponentProvider    : Identified candidate component class: file [D:\dev\GameTout\GameTout-Backend\gametout\build\classes\java\main\com\gametout\gametout\repository\PortfolioResumeRepository.class]
2026-02-11T11:57:50.142+05:30 DEBUG 22376 --- [gametout] [main] o.s.d.r.c.RepositoryComponentProvider    : Identified candidate component class: file [D:\dev\GameTout\GameTout-Backend\gametout\build\classes\java\main\com\gametout\gametout\repository\PortfolioSearchRepository.class]
2026-02-11T11:57:50.142+05:30 DEBUG 22376 --- [gametout] [main] o.s.d.r.c.RepositoryComponentProvider    : Identified candidate component class: file [D:\dev\GameTout\GameTout-Backend\gametout\build\classes\java\main\com\gametout\gametout\repository\PortfolioSkillRepository.class]
2026-02-11T11:57:50.142+05:30 DEBUG 22376 --- [gametout] [main] o.s.d.r.c.RepositoryComponentProvider    : Identified candidate component class: file [D:\dev\GameTout\GameTout-Backend\gametout\build\classes\java\main\com\gametout\gametout\repository\PortfolioSocialRepository.class]
2026-02-11T11:57:50.142+05:30 DEBUG 22376 --- [gametout] [main] o.s.d.r.c.RepositoryComponentProvider    : Identified candidate component class: file [D:\dev\GameTout\GameTout-Backend\gametout\build\classes\java\main\com\gametout\gametout\repository\PostContentBlocksRepository.class]
2026-02-11T11:57:50.143+05:30 DEBUG 22376 --- [gametout] [main] o.s.d.r.c.RepositoryComponentProvider    : Identified candidate component class: file [D:\dev\GameTout\GameTout-Backend\gametout\build\classes\java\main\com\gametout\gametout\repository\PostRepository.class]
2026-02-11T11:57:50.143+05:30 DEBUG 22376 --- [gametout] [main] o.s.d.r.c.RepositoryComponentProvider    : Identified candidate component class: file [D:\dev\GameTout\GameTout-Backend\gametout\build\classes\java\main\com\gametout\gametout\repository\PostTagsRepository.class]
2026-02-11T11:57:50.143+05:30 DEBUG 22376 --- [gametout] [main] o.s.d.r.c.RepositoryComponentProvider    : Identified candidate component class: file [D:\dev\GameTout\GameTout-Backend\gametout\build\classes\java\main\com\gametout\gametout\repository\StudioRatingRepository.class]
2026-02-11T11:57:50.143+05:30 DEBUG 22376 --- [gametout] [main] o.s.d.r.c.RepositoryComponentProvider    : Identified candidate component class: file [D:\dev\GameTout\GameTout-Backend\gametout\build\classes\java\main\com\gametout\gametout\repository\StudiosRepository.class]
2026-02-11T11:57:50.144+05:30 DEBUG 22376 --- [gametout] [main] o.s.d.r.c.RepositoryComponentProvider    : Identified candidate component class: file [D:\dev\GameTout\GameTout-Backend\gametout\build\classes\java\main\com\gametout\gametout\repository\SubscriptionRepository.class]
2026-02-11T11:57:50.144+05:30 DEBUG 22376 --- [gametout] [main] o.s.d.r.c.RepositoryComponentProvider    : Identified candidate component class: file [D:\dev\GameTout\GameTout-Backend\gametout\build\classes\java\main\com\gametout\gametout\repository\UserAccountRepository.class]
2026-02-11T11:57:50.150+05:30  INFO 22376 --- [gametout] [main] .RepositoryConfigurationExtensionSupport : Spring Data Redis - Could not safely identify store assignment for repository candidate interface com.gametout.gametout.repository.FeaturedPostsRepository; If you want this repository to be a Redis repository, consider annotating your entities with one of these annotations: org.springframework.data.redis.core.RedisHash (preferred), or consider extending one of the following types with your repository: org.springframework.data.keyvalue.repository.KeyValueRepository
2026-02-11T11:57:50.151+05:30  INFO 22376 --- [gametout] [main] .RepositoryConfigurationExtensionSupport : Spring Data Redis - Could not safely identify store assignment for repository candidate interface com.gametout.gametout.repository.HeadlinesPostsRepository; If you want this repository to be a Redis repository, consider annotating your entities with one of these annotations: org.springframework.data.redis.core.RedisHash (preferred), or consider extending one of the following types with your repository: org.springframework.data.keyvalue.repository.KeyValueRepository
2026-02-11T11:57:50.154+05:30  INFO 22376 --- [gametout] [main] .RepositoryConfigurationExtensionSupport : Spring Data Redis - Could not safely identify store assignment for repository candidate interface com.gametout.gametout.repository.OAuthConnectionRepository; If you want this repository to be a Redis repository, consider annotating your entities with one of these annotations: org.springframework.data.redis.core.RedisHash (preferred), or consider extending one of the following types with your repository: org.springframework.data.keyvalue.repository.KeyValueRepository
2026-02-11T11:57:50.155+05:30  INFO 22376 --- [gametout] [main] .RepositoryConfigurationExtensionSupport : Spring Data Redis - Could not safely identify store assignment for repository candidate interface com.gametout.gametout.repository.PaymentTransactionRepository; If you want this repository to be a Redis repository, consider annotating your entities with one of these annotations: org.springframework.data.redis.core.RedisHash (preferred), or consider extending one of the following types with your repository: org.springframework.data.keyvalue.repository.KeyValueRepository
2026-02-11T11:57:50.155+05:30  INFO 22376 --- [gametout] [main] .RepositoryConfigurationExtensionSupport : Spring Data Redis - Could not safely identify store assignment for repository candidate interface com.gametout.gametout.repository.PortfolioLikeRepository; If you want this repository to be a Redis repository, consider annotating your entities with one of these annotations: org.springframework.data.redis.core.RedisHash (preferred), or consider extending one of the following types with your repository: org.springframework.data.keyvalue.repository.KeyValueRepository
2026-02-11T11:57:50.155+05:30  INFO 22376 --- [gametout] [main] .RepositoryConfigurationExtensionSupport : Spring Data Redis - Could not safely identify store assignment for repository candidate interface com.gametout.gametout.repository.PortfolioRepository; If you want this repository to be a Redis repository, consider annotating your entities with one of these annotations: org.springframework.data.redis.core.RedisHash (preferred), or consider extending one of the following types with your repository: org.springframework.data.keyvalue.repository.KeyValueRepository
2026-02-11T11:57:50.155+05:30  INFO 22376 --- [gametout] [main] .RepositoryConfigurationExtensionSupport : Spring Data Redis - Could not safely identify store assignment for repository candidate interface com.gametout.gametout.repository.PortfolioResumeRepository; If you want this repository to be a Redis repository, consider annotating your entities with one of these annotations: org.springframework.data.redis.core.RedisHash (preferred), or consider extending one of the following types with your repository: org.springframework.data.keyvalue.repository.KeyValueRepository
2026-02-11T11:57:50.157+05:30  INFO 22376 --- [gametout] [main] .RepositoryConfigurationExtensionSupport : Spring Data Redis - Could not safely identify store assignment for repository candidate interface com.gametout.gametout.repository.PortfolioSearchRepository; If you want this repository to be a Redis repository, consider annotating your entities with one of these annotations: org.springframework.data.redis.core.RedisHash (preferred), or consider extending one of the following types with your repository: org.springframework.data.keyvalue.repository.KeyValueRepository
2026-02-11T11:57:50.157+05:30  INFO 22376 --- [gametout] [main] .RepositoryConfigurationExtensionSupport : Spring Data Redis - Could not safely identify store assignment for repository candidate interface com.gametout.gametout.repository.PortfolioSkillRepository; If you want this repository to be a Redis repository, consider annotating your entities with one of these annotations: org.springframework.data.redis.core.RedisHash (preferred), or consider extending one of the following types with your repository: org.springframework.data.keyvalue.repository.KeyValueRepository
2026-02-11T11:57:50.157+05:30  INFO 22376 --- [gametout] [main] .RepositoryConfigurationExtensionSupport : Spring Data Redis - Could not safely identify store assignment for repository candidate interface com.gametout.gametout.repository.PortfolioSocialRepository; If you want this repository to be a Redis repository, consider annotating your entities with one of these annotations: org.springframework.data.redis.core.RedisHash (preferred), or consider extending one of the following types with your repository: org.springframework.data.keyvalue.repository.KeyValueRepository
2026-02-11T11:57:50.158+05:30  INFO 22376 --- [gametout] [main] .RepositoryConfigurationExtensionSupport : Spring Data Redis - Could not safely identify store assignment for repository candidate interface com.gametout.gametout.repository.PostContentBlocksRepository; If you want this repository to be a Redis repository, consider annotating your entities with one of these annotations: org.springframework.data.redis.core.RedisHash (preferred), or consider extending one of the following types with your repository: org.springframework.data.keyvalue.repository.KeyValueRepository
2026-02-11T11:57:50.158+05:30  INFO 22376 --- [gametout] [main] .RepositoryConfigurationExtensionSupport : Spring Data Redis - Could not safely identify store assignment for repository candidate interface com.gametout.gametout.repository.PostRepository; If you want this repository to be a Redis repository, consider annotating your entities with one of these annotations: org.springframework.data.redis.core.RedisHash (preferred), or consider extending one of the following types with your repository: org.springframework.data.keyvalue.repository.KeyValueRepository
2026-02-11T11:57:50.158+05:30  INFO 22376 --- [gametout] [main] .RepositoryConfigurationExtensionSupport : Spring Data Redis - Could not safely identify store assignment for repository candidate interface com.gametout.gametout.repository.PostTagsRepository; If you want this repository to be a Redis repository, consider annotating your entities with one of these annotations: org.springframework.data.redis.core.RedisHash (preferred), or consider extending one of the following types with your repository: org.springframework.data.keyvalue.repository.KeyValueRepository
2026-02-11T11:57:50.159+05:30  INFO 22376 --- [gametout] [main] .RepositoryConfigurationExtensionSupport : Spring Data Redis - Could not safely identify store assignment for repository candidate interface com.gametout.gametout.repository.StudioRatingRepository; If you want this repository to be a Redis repository, consider annotating your entities with one of these annotations: org.springframework.data.redis.core.RedisHash (preferred), or consider extending one of the following types with your repository: org.springframework.data.keyvalue.repository.KeyValueRepository
2026-02-11T11:57:50.159+05:30  INFO 22376 --- [gametout] [main] .RepositoryConfigurationExtensionSupport : Spring Data Redis - Could not safely identify store assignment for repository candidate interface com.gametout.gametout.repository.StudiosRepository; If you want this repository to be a Redis repository, consider annotating your entities with one of these annotations: org.springframework.data.redis.core.RedisHash (preferred), or consider extending one of the following types with your repository: org.springframework.data.keyvalue.repository.KeyValueRepository
2026-02-11T11:57:50.160+05:30  INFO 22376 --- [gametout] [main] .RepositoryConfigurationExtensionSupport : Spring Data Redis - Could not safely identify store assignment for repository candidate interface com.gametout.gametout.repository.SubscriptionRepository; If you want this repository to be a Redis repository, consider annotating your entities with one of these annotations: org.springframework.data.redis.core.RedisHash (preferred), or consider extending one of the following types with your repository: org.springframework.data.keyvalue.repository.KeyValueRepository
2026-02-11T11:57:50.160+05:30  INFO 22376 --- [gametout] [main] .RepositoryConfigurationExtensionSupport : Spring Data Redis - Could not safely identify store assignment for repository candidate interface com.gametout.gametout.repository.UserAccountRepository; If you want this repository to be a Redis repository, consider annotating your entities with one of these annotations: org.springframework.data.redis.core.RedisHash (preferred), or consider extending one of the following types with your repository: org.springframework.data.keyvalue.repository.KeyValueRepository
2026-02-11T11:57:50.161+05:30  INFO 22376 --- [gametout] [main] .s.d.r.c.RepositoryConfigurationDelegate : Finished Spring Data repository scanning in 37 ms. Found 0 Redis repository interfaces.
2026-02-11T11:57:50.395+05:30 DEBUG 22376 --- [gametout] [main] o.s.b.f.s.DefaultListableBeanFactory     : Creating shared instance of singleton bean 'springSecurityHandlerMappingIntrospectorBeanDefinitionRegistryPostProcessor'
2026-02-11T11:57:50.397+05:30 DEBUG 22376 --- [gametout] [main] o.s.b.f.s.DefaultListableBeanFactory     : Creating shared instance of singleton bean 'authorizedClientManagerRegistrar'
2026-02-11T11:57:50.399+05:30 DEBUG 22376 --- [gametout] [main] o.s.b.f.s.DefaultListableBeanFactory     : Creating shared instance of singleton bean 'org.springframework.security.config.annotation.web.configuration.OAuth2ClientConfiguration$OAuth2AuthorizedClientManagerConfiguration'
2026-02-11T11:57:51.105+05:30 DEBUG 22376 --- [gametout] [main] o.s.b.f.s.DefaultListableBeanFactory     : Creating shared instance of singleton bean 'propertySourcesPlaceholderConfigurer'
2026-02-11T11:57:51.116+05:30 DEBUG 22376 --- [gametout] [main] o.s.b.f.s.DefaultListableBeanFactory     : Creating shared instance of singleton bean 'org.springframework.boot.sql.init.dependency.DatabaseInitializationDependencyConfigurer$DependsOnDatabaseInitializationPostProcessor'
2026-02-11T11:57:51.116+05:30 DEBUG 22376 --- [gametout] [main] o.s.b.f.s.DefaultListableBeanFactory     : Creating shared instance of singleton bean 'emBeanDefinitionRegistrarPostProcessor'
2026-02-11T11:57:51.240+05:30 DEBUG 22376 --- [gametout] [main] o.s.b.f.s.DefaultListableBeanFactory     : Creating shared instance of singleton bean 'org.springframework.context.event.internalEventListenerProcessor'
2026-02-11T11:57:51.243+05:30 DEBUG 22376 --- [gametout] [main] o.s.b.f.s.DefaultListableBeanFactory     : Creating shared instance of singleton bean 'conversionServicePostProcessor'
2026-02-11T11:57:51.259+05:30 DEBUG 22376 --- [gametout] [main] o.s.b.f.s.DefaultListableBeanFactory     : Creating shared instance of singleton bean 'preserveErrorControllerTargetClassPostProcessor'
2026-02-11T11:57:51.260+05:30 DEBUG 22376 --- [gametout] [main] o.s.b.f.s.DefaultListableBeanFactory     : Creating shared instance of singleton bean 'org.springframework.context.event.internalEventListenerFactory'
2026-02-11T11:57:51.261+05:30 DEBUG 22376 --- [gametout] [main] o.s.b.f.s.DefaultListableBeanFactory     : Creating shared instance of singleton bean 'org.springframework.transaction.config.internalTransactionalEventListenerFactory'
2026-02-11T11:57:51.272+05:30 DEBUG 22376 --- [gametout] [main] o.s.b.f.s.DefaultListableBeanFactory     : Creating shared instance of singleton bean 'org.springframework.context.annotation.internalAutowiredAnnotationProcessor'
2026-02-11T11:57:51.276+05:30 DEBUG 22376 --- [gametout] [main] o.s.b.f.s.DefaultListableBeanFactory     : Creating shared instance of singleton bean 'org.springframework.context.annotation.internalCommonAnnotationProcessor'
2026-02-11T11:57:51.283+05:30 DEBUG 22376 --- [gametout] [main] o.s.b.f.s.DefaultListableBeanFactory     : Creating shared instance of singleton bean 'org.springframework.context.annotation.internalPersistenceAnnotationProcessor'
2026-02-11T11:57:51.284+05:30 DEBUG 22376 --- [gametout] [main] o.s.b.f.s.DefaultListableBeanFactory     : Creating shared instance of singleton bean 'org.springframework.context.annotation.internalScheduledAnnotationProcessor'
2026-02-11T11:57:51.284+05:30 DEBUG 22376 --- [gametout] [main] o.s.b.f.s.DefaultListableBeanFactory     : Creating shared instance of singleton bean 'org.springframework.scheduling.annotation.SchedulingConfiguration'
2026-02-11T11:57:52.709+05:30 DEBUG 22376 --- [gametout] [main] o.s.b.f.s.DefaultListableBeanFactory     : Creating shared instance of singleton bean 'org.springframework.aop.config.internalAutoProxyCreator'
2026-02-11T11:57:52.745+05:30 DEBUG 22376 --- [gametout] [main] o.s.b.f.s.DefaultListableBeanFactory     : Creating shared instance of singleton bean 'methodValidationPostProcessor'
2026-02-11T11:57:52.757+05:30 DEBUG 22376 --- [gametout] [main] o.s.b.f.s.DefaultListableBeanFactory     : Autowiring by type from bean name 'methodValidationPostProcessor' via factory method to bean named 'environment'
2026-02-11T11:57:52.762+05:30 DEBUG 22376 --- [gametout] [main] o.s.b.f.s.DefaultListableBeanFactory     : Creating shared instance of singleton bean 'org.springframework.boot.context.properties.EnableConfigurationPropertiesRegistrar.methodValidationExcludeFilter'
2026-02-11T11:57:52.796+05:30 DEBUG 22376 --- [gametout] [main] o.s.b.f.s.DefaultListableBeanFactory     : Creating shared instance of singleton bean 'persistenceExceptionTranslationPostProcessor'
2026-02-11T11:57:52.797+05:30 DEBUG 22376 --- [gametout] [main] o.s.b.f.s.DefaultListableBeanFactory     : Autowiring by type from bean name 'persistenceExceptionTranslationPostProcessor' via factory method to bean named 'environment'
2026-02-11T11:57:52.804+05:30 DEBUG 22376 --- [gametout] [main] o.s.b.f.s.DefaultListableBeanFactory     : Creating shared instance of singleton bean 'org.springframework.cache.config.internalCacheAdvisor'
2026-02-11T11:57:52.806+05:30 DEBUG 22376 --- [gametout] [main] o.s.b.f.s.DefaultListableBeanFactory     : Creating shared instance of singleton bean 'org.springframework.cache.annotation.ProxyCachingConfiguration'
2026-02-11T11:57:52.812+05:30 DEBUG 22376 --- [gametout] [main] o.s.b.f.s.DefaultListableBeanFactory     : Creating shared instance of singleton bean 'cacheOperationSource'
2026-02-11T11:57:52.821+05:30 DEBUG 22376 --- [gametout] [main] o.s.b.f.s.DefaultListableBeanFactory     : Creating shared instance of singleton bean 'cacheInterceptor'
2026-02-11T11:57:52.823+05:30 DEBUG 22376 --- [gametout] [main] o.s.b.f.s.DefaultListableBeanFactory     : Autowiring by type from bean name 'cacheInterceptor' via factory method to bean named 'cacheOperationSource'
2026-02-11T11:57:52.828+05:30 DEBUG 22376 --- [gametout] [main] o.s.b.f.s.DefaultListableBeanFactory     : Autowiring by type from bean name 'org.springframework.cache.config.internalCacheAdvisor' via factory method to bean named 'cacheOperationSource'
2026-02-11T11:57:52.828+05:30 DEBUG 22376 --- [gametout] [main] o.s.b.f.s.DefaultListableBeanFactory     : Autowiring by type from bean name 'org.springframework.cache.config.internalCacheAdvisor' via factory method to bean named 'cacheInterceptor'
2026-02-11T11:57:52.832+05:30 DEBUG 22376 --- [gametout] [main] o.s.b.f.s.DefaultListableBeanFactory     : Creating shared instance of singleton bean 'org.springframework.transaction.config.internalTransactionAdvisor'
2026-02-11T11:57:52.833+05:30 DEBUG 22376 --- [gametout] [main] o.s.b.f.s.DefaultListableBeanFactory     : Creating shared instance of singleton bean 'org.springframework.transaction.annotation.ProxyTransactionManagementConfiguration'
2026-02-11T11:57:52.840+05:30 DEBUG 22376 --- [gametout] [main] o.s.b.f.s.DefaultListableBeanFactory     : Creating shared instance of singleton bean 'transactionAttributeSource'
2026-02-11T11:57:52.850+05:30 DEBUG 22376 --- [gametout] [main] o.s.b.f.s.DefaultListableBeanFactory     : Creating shared instance of singleton bean 'transactionInterceptor'
2026-02-11T11:57:52.852+05:30 DEBUG 22376 --- [gametout] [main] o.s.b.f.s.DefaultListableBeanFactory     : Autowiring by type from bean name 'transactionInterceptor' via factory method to bean named 'transactionAttributeSource'
2026-02-11T11:57:52.854+05:30 DEBUG 22376 --- [gametout] [main] o.s.b.f.s.DefaultListableBeanFactory     : Autowiring by type from bean name 'org.springframework.transaction.config.internalTransactionAdvisor' via factory method to bean named 'transactionAttributeSource'
2026-02-11T11:57:52.854+05:30 DEBUG 22376 --- [gametout] [main] o.s.b.f.s.DefaultListableBeanFactory     : Autowiring by type from bean name 'org.springframework.transaction.config.internalTransactionAdvisor' via factory method to bean named 'transactionInterceptor'
2026-02-11T11:57:52.922+05:30 DEBUG 22376 --- [gametout] [main] .s.a.a.a.ReflectiveAspectJAdvisorFactory : Found AspectJ method: public void com.gametout.gametout.verification.EmailVerificationAspect.checkEmailVerification()
2026-02-11T11:57:52.927+05:30 DEBUG 22376 --- [gametout] [main] .s.a.a.a.ReflectiveAspectJAdvisorFactory : Found AspectJ method: public java.lang.Object io.github.resilience4j.spring6.bulkhead.configure.BulkheadAspect.bulkheadAroundAdvice(org.aspectj.lang.ProceedingJoinPoint,io.github.resilience4j.bulkhead.annotation.Bulkhead) throws java.lang.Throwable
2026-02-11T11:57:52.930+05:30 DEBUG 22376 --- [gametout] [main] .s.a.a.a.ReflectiveAspectJAdvisorFactory : Found AspectJ method: public java.lang.Object io.github.resilience4j.spring6.circuitbreaker.configure.CircuitBreakerAspect.circuitBreakerAroundAdvice(org.aspectj.lang.ProceedingJoinPoint,io.github.resilience4j.circuitbreaker.annotation.CircuitBreaker) throws java.lang.Throwable
2026-02-11T11:57:52.934+05:30 DEBUG 22376 --- [gametout] [main] .s.a.a.a.ReflectiveAspectJAdvisorFactory : Found AspectJ method: public java.lang.Object io.github.resilience4j.spring6.ratelimiter.configure.RateLimiterAspect.rateLimiterAroundAdvice(org.aspectj.lang.ProceedingJoinPoint,io.github.resilience4j.ratelimiter.annotation.RateLimiter) throws java.lang.Throwable
2026-02-11T11:57:52.935+05:30 DEBUG 22376 --- [gametout] [main] .s.a.a.a.ReflectiveAspectJAdvisorFactory : Found AspectJ method: public java.lang.Object io.github.resilience4j.spring6.retry.configure.RetryAspect.retryAroundAdvice(org.aspectj.lang.ProceedingJoinPoint,io.github.resilience4j.retry.annotation.Retry) throws java.lang.Throwable
2026-02-11T11:57:52.936+05:30 DEBUG 22376 --- [gametout] [main] .s.a.a.a.ReflectiveAspectJAdvisorFactory : Found AspectJ method: public java.lang.Object io.github.resilience4j.spring6.timelimiter.configure.TimeLimiterAspect.timeLimiterAroundAdvice(org.aspectj.lang.ProceedingJoinPoint,io.github.resilience4j.timelimiter.annotation.TimeLimiter) throws java.lang.Throwable
2026-02-11T11:57:52.939+05:30 DEBUG 22376 --- [gametout] [main] .s.a.a.a.ReflectiveAspectJAdvisorFactory : Found AspectJ method: public java.lang.Object io.micrometer.observation.aop.ObservedAspect.observeClass(org.aspectj.lang.ProceedingJoinPoint) throws java.lang.Throwable
2026-02-11T11:57:52.940+05:30 DEBUG 22376 --- [gametout] [main] .s.a.a.a.ReflectiveAspectJAdvisorFactory : Found AspectJ method: public java.lang.Object io.micrometer.observation.aop.ObservedAspect.observeMethod(org.aspectj.lang.ProceedingJoinPoint) throws java.lang.Throwable
2026-02-11T11:57:53.716+05:30 DEBUG 22376 --- [gametout] [main] o.s.b.f.s.DefaultListableBeanFactory     : Creating shared instance of singleton bean 'circuitBreakerAspect'
2026-02-11T11:57:53.716+05:30 DEBUG 22376 --- [gametout] [main] o.s.b.f.s.DefaultListableBeanFactory     : Creating shared instance of singleton bean 'io.github.resilience4j.springboot3.circuitbreaker.autoconfigure.CircuitBreakerConfigurationOnMissingBean'
2026-02-11T11:57:53.717+05:30 DEBUG 22376 --- [gametout] [main] o.s.b.f.s.DefaultListableBeanFactory     : Creating shared instance of singleton bean 'resilience4j.circuitbreaker-io.github.resilience4j.springboot3.circuitbreaker.autoconfigure.CircuitBreakerProperties'
2026-02-11T11:57:53.718+05:30 DEBUG 22376 --- [gametout] [main] o.s.b.f.s.DefaultListableBeanFactory     : Autowiring by type from bean name 'io.github.resilience4j.springboot3.circuitbreaker.autoconfigure.CircuitBreakerConfigurationOnMissingBean' via constructor to bean named 'resilience4j.circuitbreaker-io.github.resilience4j.springboot3.circuitbreaker.autoconfigure.CircuitBreakerProperties'
2026-02-11T11:57:53.722+05:30 DEBUG 22376 --- [gametout] [main] o.s.b.f.s.DefaultListableBeanFactory     : Creating shared instance of singleton bean 'circuitBreakerRegistry'
2026-02-11T11:57:53.724+05:30 DEBUG 22376 --- [gametout] [main] o.s.b.f.s.DefaultListableBeanFactory     : Creating shared instance of singleton bean 'eventConsumerRegistry'
2026-02-11T11:57:53.729+05:30 DEBUG 22376 --- [gametout] [main] o.s.b.f.s.DefaultListableBeanFactory     : Creating shared instance of singleton bean 'circuitBreakerRegistryEventConsumer'
2026-02-11T11:57:53.730+05:30 DEBUG 22376 --- [gametout] [main] o.s.b.f.s.DefaultListableBeanFactory     : Creating shared instance of singleton bean 'taggedCircuitBreakerMetricsPublisher'
2026-02-11T11:57:53.730+05:30 DEBUG 22376 --- [gametout] [main] o.s.b.f.s.DefaultListableBeanFactory     : Creating shared instance of singleton bean 'io.github.resilience4j.springboot3.circuitbreaker.autoconfigure.CircuitBreakerMetricsAutoConfiguration'
2026-02-11T11:57:53.732+05:30 DEBUG 22376 --- [gametout] [main] o.s.b.f.s.DefaultListableBeanFactory     : Creating shared instance of singleton bean 'simpleMeterRegistry'
2026-02-11T11:57:53.732+05:30 DEBUG 22376 --- [gametout] [main] o.s.b.f.s.DefaultListableBeanFactory     : Creating shared instance of singleton bean 'org.springframework.boot.actuate.autoconfigure.metrics.export.simple.SimpleMetricsExportAutoConfiguration'
2026-02-11T11:57:53.733+05:30 DEBUG 22376 --- [gametout] [main] o.s.b.f.s.DefaultListableBeanFactory     : Creating shared instance of singleton bean 'simpleConfig'
2026-02-11T11:57:53.734+05:30 DEBUG 22376 --- [gametout] [main] o.s.b.f.s.DefaultListableBeanFactory     : Creating shared instance of singleton bean 'management.simple.metrics.export-org.springframework.boot.actuate.autoconfigure.metrics.export.simple.SimpleProperties'
2026-02-11T11:57:53.735+05:30 DEBUG 22376 --- [gametout] [main] o.s.b.f.s.DefaultListableBeanFactory     : Autowiring by type from bean name 'simpleConfig' via factory method to bean named 'management.simple.metrics.export-org.springframework.boot.actuate.autoconfigure.metrics.export.simple.SimpleProperties'
2026-02-11T11:57:53.739+05:30 DEBUG 22376 --- [gametout] [main] o.s.b.f.s.DefaultListableBeanFactory     : Creating shared instance of singleton bean 'micrometerClock'
2026-02-11T11:57:53.740+05:30 DEBUG 22376 --- [gametout] [main] o.s.b.f.s.DefaultListableBeanFactory     : Creating shared instance of singleton bean 'org.springframework.boot.actuate.autoconfigure.metrics.MetricsAutoConfiguration'
2026-02-11T11:57:53.741+05:30 DEBUG 22376 --- [gametout] [main] o.s.b.f.s.DefaultListableBeanFactory     : Autowiring by type from bean name 'simpleMeterRegistry' via factory method to bean named 'simpleConfig'
2026-02-11T11:57:53.742+05:30 DEBUG 22376 --- [gametout] [main] o.s.b.f.s.DefaultListableBeanFactory     : Autowiring by type from bean name 'simpleMeterRegistry' via factory method to bean named 'micrometerClock'
2026-02-11T11:57:53.764+05:30 DEBUG 22376 --- [gametout] [main] o.s.b.f.s.DefaultListableBeanFactory     : Autowiring by type from bean name 'taggedCircuitBreakerMetricsPublisher' via factory method to bean named 'simpleMeterRegistry'
2026-02-11T11:57:53.771+05:30 DEBUG 22376 --- [gametout] [main] o.s.b.f.s.DefaultListableBeanFactory     : Creating shared instance of singleton bean 'compositeCircuitBreakerCustomizer'
2026-02-11T11:57:53.775+05:30 DEBUG 22376 --- [gametout] [main] o.s.b.f.s.DefaultListableBeanFactory     : Autowiring by type from bean name 'circuitBreakerRegistry' via factory method to bean named 'eventConsumerRegistry'
2026-02-11T11:57:53.775+05:30 DEBUG 22376 --- [gametout] [main] o.s.b.f.s.DefaultListableBeanFactory     : Autowiring by type from bean name 'circuitBreakerRegistry' via factory method to bean named 'circuitBreakerRegistryEventConsumer'
2026-02-11T11:57:53.775+05:30 DEBUG 22376 --- [gametout] [main] o.s.b.f.s.DefaultListableBeanFactory     : Autowiring by type from bean name 'circuitBreakerRegistry' via factory method to bean named 'compositeCircuitBreakerCustomizer'
2026-02-11T11:57:53.801+05:30 DEBUG 22376 --- [gametout] [main] o.s.b.f.s.DefaultListableBeanFactory     : Creating shared instance of singleton bean 'fallbackExecutor'
2026-02-11T11:57:53.801+05:30 DEBUG 22376 --- [gametout] [main] o.s.b.f.s.DefaultListableBeanFactory     : Creating shared instance of singleton bean 'io.github.resilience4j.springboot3.fallback.autoconfigure.FallbackConfigurationOnMissingBean'
2026-02-11T11:57:53.804+05:30 DEBUG 22376 --- [gametout] [main] o.s.b.f.s.DefaultListableBeanFactory     : Creating shared instance of singleton bean 'spelResolver'
2026-02-11T11:57:53.804+05:30 DEBUG 22376 --- [gametout] [main] o.s.b.f.s.DefaultListableBeanFactory     : Creating shared instance of singleton bean 'io.github.resilience4j.springboot3.spelresolver.autoconfigure.SpelResolverConfigurationOnMissingBean'
2026-02-11T11:57:53.807+05:30 DEBUG 22376 --- [gametout] [main] o.s.b.f.s.DefaultListableBeanFactory     : Creating shared instance of singleton bean 'spelExpressionParser'
2026-02-11T11:57:53.809+05:30 DEBUG 22376 --- [gametout] [main] o.s.b.f.s.DefaultListableBeanFactory     : Creating shared instance of singleton bean 'parameterNameDiscoverer'
2026-02-11T11:57:53.811+05:30 DEBUG 22376 --- [gametout] [main] o.s.b.f.s.DefaultListableBeanFactory     : Autowiring by type from bean name 'spelResolver' via factory method to bean named 'spelExpressionParser'
2026-02-11T11:57:53.812+05:30 DEBUG 22376 --- [gametout] [main] o.s.b.f.s.DefaultListableBeanFactory     : Autowiring by type from bean name 'spelResolver' via factory method to bean named 'parameterNameDiscoverer'
2026-02-11T11:57:53.812+05:30 DEBUG 22376 --- [gametout] [main] o.s.b.f.s.DefaultListableBeanFactory     : Autowiring by type from bean name 'spelResolver' via factory method to bean named 'org.springframework.beans.factory.support.DefaultListableBeanFactory@2f94c4db'
2026-02-11T11:57:53.815+05:30 DEBUG 22376 --- [gametout] [main] o.s.b.f.s.DefaultListableBeanFactory     : Creating shared instance of singleton bean 'fallbackDecorators'
2026-02-11T11:57:53.817+05:30 DEBUG 22376 --- [gametout] [main] o.s.b.f.s.DefaultListableBeanFactory     : Creating shared instance of singleton bean 'completionStageFallbackDecorator'
2026-02-11T11:57:53.818+05:30 DEBUG 22376 --- [gametout] [main] o.s.b.f.s.DefaultListableBeanFactory     : Autowiring by type from bean name 'fallbackDecorators' via factory method to bean named 'completionStageFallbackDecorator'
2026-02-11T11:57:53.818+05:30 DEBUG 22376 --- [gametout] [main] o.s.b.f.s.DefaultListableBeanFactory     : Autowiring by type from bean name 'fallbackExecutor' via factory method to bean named 'spelResolver'
2026-02-11T11:57:53.818+05:30 DEBUG 22376 --- [gametout] [main] o.s.b.f.s.DefaultListableBeanFactory     : Autowiring by type from bean name 'fallbackExecutor' via factory method to bean named 'fallbackDecorators'
2026-02-11T11:57:53.820+05:30 DEBUG 22376 --- [gametout] [main] o.s.b.f.s.DefaultListableBeanFactory     : Autowiring by type from bean name 'circuitBreakerAspect' via factory method to bean named 'circuitBreakerRegistry'
2026-02-11T11:57:53.820+05:30 DEBUG 22376 --- [gametout] [main] o.s.b.f.s.DefaultListableBeanFactory     : Autowiring by type from bean name 'circuitBreakerAspect' via factory method to bean named 'fallbackExecutor'
2026-02-11T11:57:53.820+05:30 DEBUG 22376 --- [gametout] [main] o.s.b.f.s.DefaultListableBeanFactory     : Autowiring by type from bean name 'circuitBreakerAspect' via factory method to bean named 'spelResolver'
2026-02-11T11:57:53.825+05:30 DEBUG 22376 --- [gametout] [main] o.s.b.f.s.DefaultListableBeanFactory     : Creating shared instance of singleton bean 'rateLimiterAspect'
2026-02-11T11:57:53.826+05:30 DEBUG 22376 --- [gametout] [main] o.s.b.f.s.DefaultListableBeanFactory     : Creating shared instance of singleton bean 'io.github.resilience4j.springboot3.ratelimiter.autoconfigure.RateLimiterConfigurationOnMissingBean'
2026-02-11T11:57:53.829+05:30 DEBUG 22376 --- [gametout] [main] o.s.b.f.s.DefaultListableBeanFactory     : Creating shared instance of singleton bean 'resilience4j.ratelimiter-io.github.resilience4j.springboot3.ratelimiter.autoconfigure.RateLimiterProperties'
2026-02-11T11:57:53.831+05:30 DEBUG 22376 --- [gametout] [main] o.s.b.f.s.DefaultListableBeanFactory     : Creating shared instance of singleton bean 'rateLimiterRegistry'
2026-02-11T11:57:53.832+05:30 DEBUG 22376 --- [gametout] [main] o.s.b.f.s.DefaultListableBeanFactory     : Creating shared instance of singleton bean 'rateLimiterEventsConsumerRegistry'
2026-02-11T11:57:53.833+05:30 DEBUG 22376 --- [gametout] [main] o.s.b.f.s.DefaultListableBeanFactory     : Creating shared instance of singleton bean 'rateLimiterRegistryEventConsumer'
2026-02-11T11:57:53.834+05:30 DEBUG 22376 --- [gametout] [main] o.s.b.f.s.DefaultListableBeanFactory     : Creating shared instance of singleton bean 'taggedRateLimiterMetricsPublisher'
2026-02-11T11:57:53.834+05:30 DEBUG 22376 --- [gametout] [main] o.s.b.f.s.DefaultListableBeanFactory     : Creating shared instance of singleton bean 'io.github.resilience4j.springboot3.ratelimiter.autoconfigure.RateLimiterMetricsAutoConfiguration'
2026-02-11T11:57:53.835+05:30 DEBUG 22376 --- [gametout] [main] o.s.b.f.s.DefaultListableBeanFactory     : Autowiring by type from bean name 'taggedRateLimiterMetricsPublisher' via factory method to bean named 'simpleMeterRegistry'
2026-02-11T11:57:53.839+05:30 DEBUG 22376 --- [gametout] [main] o.s.b.f.s.DefaultListableBeanFactory     : Creating shared instance of singleton bean 'compositeRateLimiterCustomizer'
2026-02-11T11:57:53.841+05:30 DEBUG 22376 --- [gametout] [main] o.s.b.f.s.DefaultListableBeanFactory     : Autowiring by type from bean name 'rateLimiterRegistry' via factory method to bean named 'resilience4j.ratelimiter-io.github.resilience4j.springboot3.ratelimiter.autoconfigure.RateLimiterProperties'
2026-02-11T11:57:53.841+05:30 DEBUG 22376 --- [gametout] [main] o.s.b.f.s.DefaultListableBeanFactory     : Autowiring by type from bean name 'rateLimiterRegistry' via factory method to bean named 'rateLimiterEventsConsumerRegistry'
2026-02-11T11:57:53.841+05:30 DEBUG 22376 --- [gametout] [main] o.s.b.f.s.DefaultListableBeanFactory     : Autowiring by type from bean name 'rateLimiterRegistry' via factory method to bean named 'rateLimiterRegistryEventConsumer'
2026-02-11T11:57:53.841+05:30 DEBUG 22376 --- [gametout] [main] o.s.b.f.s.DefaultListableBeanFactory     : Autowiring by type from bean name 'rateLimiterRegistry' via factory method to bean named 'compositeRateLimiterCustomizer'
2026-02-11T11:57:53.855+05:30 DEBUG 22376 --- [gametout] [main] o.s.b.f.s.DefaultListableBeanFactory     : Autowiring by type from bean name 'rateLimiterAspect' via factory method to bean named 'resilience4j.ratelimiter-io.github.resilience4j.springboot3.ratelimiter.autoconfigure.RateLimiterProperties'
2026-02-11T11:57:53.855+05:30 DEBUG 22376 --- [gametout] [main] o.s.b.f.s.DefaultListableBeanFactory     : Autowiring by type from bean name 'rateLimiterAspect' via factory method to bean named 'rateLimiterRegistry'
2026-02-11T11:57:53.856+05:30 DEBUG 22376 --- [gametout] [main] o.s.b.f.s.DefaultListableBeanFactory     : Autowiring by type from bean name 'rateLimiterAspect' via factory method to bean named 'fallbackExecutor'
2026-02-11T11:57:53.856+05:30 DEBUG 22376 --- [gametout] [main] o.s.b.f.s.DefaultListableBeanFactory     : Autowiring by type from bean name 'rateLimiterAspect' via factory method to bean named 'spelResolver'
2026-02-11T11:57:58.221+05:30 DEBUG 22376 --- [gametout] [main] .s.b.a.l.ConditionEvaluationReportLogger : 


============================
CONDITIONS EVALUATION REPORT
============================


Positive matches:
-----------------

   AbstractBulkheadConfigurationOnMissingBean#bulkheadAspect matched:
      - @ConditionalOnMissingBean (types: io.github.resilience4j.spring6.bulkhead.configure.BulkheadAspect; SearchStrategy: all) did not find any beans (OnBeanCondition)

   AbstractBulkheadConfigurationOnMissingBean#bulkheadRegistry matched:
      - @ConditionalOnMissingBean (types: io.github.resilience4j.bulkhead.BulkheadRegistry; SearchStrategy: all) did not find any beans (OnBeanCondition)

   AbstractBulkheadConfigurationOnMissingBean#compositeBulkheadCustomizer matched:
      - @ConditionalOnMissingBean (names: compositeBulkheadCustomizer; SearchStrategy: all) did not find any beans (OnBeanCondition)

   AbstractBulkheadConfigurationOnMissingBean#compositeThreadPoolBulkheadCustomizer matched:
      - @ConditionalOnMissingBean (names: compositeThreadPoolBulkheadCustomizer; SearchStrategy: all) did not find any beans (OnBeanCondition)

   AbstractBulkheadConfigurationOnMissingBean#threadPoolBulkheadRegistry matched:
      - @ConditionalOnMissingBean (types: io.github.resilience4j.bulkhead.ThreadPoolBulkheadRegistry; SearchStrategy: all) did not find any beans (OnBeanCondition)

   AbstractCircuitBreakerConfigurationOnMissingBean#circuitBreakerAspect matched:
      - @ConditionalOnMissingBean (types: io.github.resilience4j.spring6.circuitbreaker.configure.CircuitBreakerAspect; SearchStrategy: all) did not find any beans (OnBeanCondition)

   AbstractCircuitBreakerConfigurationOnMissingBean#circuitBreakerRegistry matched:
      - @ConditionalOnMissingBean (types: io.github.resilience4j.circuitbreaker.CircuitBreakerRegistry; SearchStrategy: all) did not find any beans (OnBeanCondition)

   AbstractCircuitBreakerConfigurationOnMissingBean#compositeCircuitBreakerCustomizer matched:
      - @ConditionalOnMissingBean (names: compositeCircuitBreakerCustomizer; SearchStrategy: all) did not find any beans (OnBeanCondition)

   AbstractRateLimiterConfigurationOnMissingBean#compositeRateLimiterCustomizer matched:
      - @ConditionalOnMissingBean (names: compositeRateLimiterCustomizer; SearchStrategy: all) did not find any beans (OnBeanCondition)

   AbstractRateLimiterConfigurationOnMissingBean#rateLimiterAspect matched:
      - @ConditionalOnMissingBean (types: io.github.resilience4j.spring6.ratelimiter.configure.RateLimiterAspect; SearchStrategy: all) did not find any beans (OnBeanCondition)

   AbstractRateLimiterConfigurationOnMissingBean#rateLimiterRegistry matched:
      - @ConditionalOnMissingBean (types: io.github.resilience4j.ratelimiter.RateLimiterRegistry; SearchStrategy: all) did not find any beans (OnBeanCondition)

   AbstractRetryConfigurationOnMissingBean#compositeRetryCustomizer matched:
      - @ConditionalOnMissingBean (names: compositeRetryCustomizer; SearchStrategy: all) did not find any beans (OnBeanCondition)

   AbstractRetryConfigurationOnMissingBean#retryAspect matched:
      - @ConditionalOnMissingBean (types: io.github.resilience4j.spring6.retry.configure.RetryAspect; SearchStrategy: all) did not find any beans (OnBeanCondition)

   AbstractRetryConfigurationOnMissingBean#retryRegistry matched:
      - @ConditionalOnMissingBean (types: io.github.resilience4j.retry.RetryRegistry; SearchStrategy: all) did not find any beans (OnBeanCondition)

   AbstractTimeLimiterConfigurationOnMissingBean#compositeTimeLimiterCustomizer matched:
      - @ConditionalOnMissingBean (names: compositeTimeLimiterCustomizer; SearchStrategy: all) did not find any beans (OnBeanCondition)

   AbstractTimeLimiterConfigurationOnMissingBean#timeLimiterAspect matched:
      - @ConditionalOnMissingBean (types: io.github.resilience4j.spring6.timelimiter.configure.TimeLimiterAspect; SearchStrategy: all) did not find any beans (OnBeanCondition)

   AbstractTimeLimiterConfigurationOnMissingBean#timeLimiterRegistry matched:
      - @ConditionalOnMissingBean (types: io.github.resilience4j.timelimiter.TimeLimiterRegistry; SearchStrategy: all) did not find any beans (OnBeanCondition)

   AopAutoConfiguration matched:
      - @ConditionalOnProperty (spring.aop.auto=true) matched (OnPropertyCondition)

   AopAutoConfiguration.AspectJAutoProxyingConfiguration matched:
      - @ConditionalOnClass found required class 'org.aspectj.weaver.Advice' (OnClassCondition)

   AopAutoConfiguration.AspectJAutoProxyingConfiguration.CglibAutoProxyConfiguration matched:
      - @ConditionalOnProperty (spring.aop.proxy-target-class=true) matched (OnPropertyCondition)

   ApplicationAvailabilityAutoConfiguration#applicationAvailability matched:
      - @ConditionalOnMissingBean (types: org.springframework.boot.availability.ApplicationAvailability; SearchStrategy: all) did not find any beans (OnBeanCondition)

   BulkheadAutoConfiguration matched:
      - @ConditionalOnClass found required class 'io.github.resilience4j.bulkhead.Bulkhead' (OnClassCondition)

   BulkheadAutoConfiguration.BulkheadEndpointAutoConfiguration matched:
      - @ConditionalOnClass found required class 'org.springframework.boot.actuate.endpoint.annotation.Endpoint' (OnClassCondition)

   BulkheadConfigurationOnMissingBean#bulkheadEventConsumerRegistry matched:
      - @ConditionalOnMissingBean (types: io.github.resilience4j.bulkhead.event.BulkheadEvent; SearchStrategy: all) did not find any beans (OnBeanCondition)

   BulkheadMetricsAutoConfiguration matched:
      - @ConditionalOnClass found required classes 'io.micrometer.core.instrument.MeterRegistry', 'io.github.resilience4j.bulkhead.Bulkhead', 'io.github.resilience4j.micrometer.tagged.TaggedBulkheadMetricsPublisher' (OnClassCondition)
      - @ConditionalOnProperty (resilience4j.bulkhead.metrics.enabled) matched (OnPropertyCondition)

   BulkheadMetricsAutoConfiguration#taggedBulkheadMetricsPublisher matched:
      - @ConditionalOnProperty (resilience4j.bulkhead.metrics.legacy.enabled=false) matched (OnPropertyCondition)
      - @ConditionalOnBean (types: io.micrometer.core.instrument.MeterRegistry; SearchStrategy: all) found bean 'simpleMeterRegistry'; @ConditionalOnMissingBean (types: io.github.resilience4j.micrometer.tagged.TaggedBulkheadMetricsPublisher; SearchStrategy: all) did not find any beans (OnBeanCondition)

   CacheMeterBinderProvidersConfiguration matched:
      - @ConditionalOnClass found required class 'io.micrometer.core.instrument.binder.MeterBinder' (OnClassCondition)

   CacheMeterBinderProvidersConfiguration.RedisCacheMeterBinderProviderConfiguration matched:
      - @ConditionalOnClass found required class 'org.springframework.data.redis.cache.RedisCache' (OnClassCondition)

   CacheMetricsAutoConfiguration matched:
      - @ConditionalOnBean (types: org.springframework.cache.CacheManager; SearchStrategy: all) found bean 'cacheManager' (OnBeanCondition)

   CacheMetricsRegistrarConfiguration matched:
      - @ConditionalOnBean (types: org.springframework.boot.actuate.metrics.cache.CacheMeterBinderProvider,io.micrometer.core.instrument.MeterRegistry; SearchStrategy: all) found beans 'simpleMeterRegistry', 'redisCacheMeterBinderProvider' (OnBeanCondition)

   CircuitBreakerAutoConfiguration matched:
      - @ConditionalOnClass found required class 'io.github.resilience4j.circuitbreaker.CircuitBreaker' (OnClassCondition)

   CircuitBreakerAutoConfiguration.CircuitBreakerEndpointAutoConfiguration matched:
      - @ConditionalOnClass found required class 'org.springframework.boot.actuate.endpoint.annotation.Endpoint' (OnClassCondition)

   CircuitBreakerConfigurationOnMissingBean#eventConsumerRegistry matched:
      - @ConditionalOnMissingBean (types: io.github.resilience4j.circuitbreaker.event.CircuitBreakerEvent; SearchStrategy: all) did not find any beans (OnBeanCondition)

   CircuitBreakerMetricsAutoConfiguration matched:
      - @ConditionalOnClass found required classes 'io.micrometer.core.instrument.MeterRegistry', 'io.github.resilience4j.circuitbreaker.CircuitBreaker', 'io.github.resilience4j.micrometer.tagged.TaggedCircuitBreakerMetricsPublisher' (OnClassCondition)
      - @ConditionalOnProperty (resilience4j.circuitbreaker.metrics.enabled) matched (OnPropertyCondition)

   CircuitBreakerMetricsAutoConfiguration#taggedCircuitBreakerMetricsPublisher matched:
      - @ConditionalOnProperty (resilience4j.circuitbreaker.metrics.legacy.enabled=false) matched (OnPropertyCondition)
      - @ConditionalOnBean (types: io.micrometer.core.instrument.MeterRegistry; SearchStrategy: all) found bean 'simpleMeterRegistry'; @ConditionalOnMissingBean (types: io.github.resilience4j.micrometer.tagged.TaggedCircuitBreakerMetricsPublisher; SearchStrategy: all) did not find any beans (OnBeanCondition)

   CircuitBreakersHealthIndicatorAutoConfiguration matched:
      - @ConditionalOnClass found required classes 'io.github.resilience4j.circuitbreaker.CircuitBreaker', 'org.springframework.boot.actuate.health.HealthIndicator', 'org.springframework.boot.actuate.health.StatusAggregator' (OnClassCondition)

   ClientHttpConnectorAutoConfiguration matched:
      - @ConditionalOnClass found required class 'org.springframework.web.reactive.function.client.WebClient' (OnClassCondition)

   ClientHttpConnectorAutoConfiguration#webClientHttpConnector matched:
      - @ConditionalOnMissingBean (types: org.springframework.http.client.reactive.ClientHttpConnector; SearchStrategy: all) did not find any beans (OnBeanCondition)

   ClientHttpConnectorAutoConfiguration#webClientHttpConnectorCustomizer matched:
      - @ConditionalOnBean (types: org.springframework.http.client.reactive.ClientHttpConnector; SearchStrategy: all) found bean 'webClientHttpConnector' (OnBeanCondition)

   ClientHttpConnectorFactoryConfiguration.ReactorNetty matched:
      - @ConditionalOnClass found required class 'reactor.netty.http.client.HttpClient' (OnClassCondition)
      - @ConditionalOnMissingBean (types: org.springframework.boot.autoconfigure.web.reactive.function.client.ClientHttpConnectorFactory; SearchStrategy: all) did not find any beans (OnBeanCondition)

   CodecsAutoConfiguration matched:
      - @ConditionalOnClass found required classes 'org.springframework.http.codec.CodecConfigurer', 'org.springframework.web.reactive.function.client.WebClient' (OnClassCondition)

   CodecsAutoConfiguration.JacksonCodecConfiguration matched:
      - @ConditionalOnClass found required class 'com.fasterxml.jackson.databind.ObjectMapper' (OnClassCondition)

   CodecsAutoConfiguration.JacksonCodecConfiguration#jacksonCodecCustomizer matched:
      - @ConditionalOnBean (types: com.fasterxml.jackson.databind.ObjectMapper; SearchStrategy: all) found bean 'jacksonObjectMapper' (OnBeanCondition)

   CompositeMeterRegistryAutoConfiguration matched:
      - @ConditionalOnClass found required class 'io.micrometer.core.instrument.composite.CompositeMeterRegistry' (OnClassCondition)

   DataSourceAutoConfiguration matched:
      - @ConditionalOnClass found required classes 'javax.sql.DataSource', 'org.springframework.jdbc.datasource.embedded.EmbeddedDatabaseType' (OnClassCondition)
      - @ConditionalOnMissingBean (types: io.r2dbc.spi.ConnectionFactory; SearchStrategy: all) did not find any beans (OnBeanCondition)

   DataSourceAutoConfiguration.PooledDataSourceConfiguration matched:
      - AnyNestedCondition 1 matched 1 did not; NestedCondition on DataSourceAutoConfiguration.PooledDataSourceCondition.PooledDataSourceAvailable PooledDataSource found supported DataSource; NestedCondition on DataSourceAutoConfiguration.PooledDataSourceCondition.ExplicitType @ConditionalOnProperty (spring.datasource.type) did not find property 'type' (DataSourceAutoConfiguration.PooledDataSourceCondition)
      - @ConditionalOnMissingBean (types: javax.sql.DataSource,javax.sql.XADataSource; SearchStrategy: all) did not find any beans (OnBeanCondition)

   DataSourceAutoConfiguration.PooledDataSourceConfiguration#jdbcConnectionDetails matched:
      - @ConditionalOnMissingBean (types: org.springframework.boot.autoconfigure.jdbc.JdbcConnectionDetails; SearchStrategy: all) did not find any beans (OnBeanCondition)

   DataSourceConfiguration.Hikari matched:
      - @ConditionalOnClass found required class 'com.zaxxer.hikari.HikariDataSource' (OnClassCondition)
      - @ConditionalOnProperty (spring.datasource.type=com.zaxxer.hikari.HikariDataSource) matched (OnPropertyCondition)
      - @ConditionalOnMissingBean (types: javax.sql.DataSource; SearchStrategy: all) did not find any beans (OnBeanCondition)

   DataSourceHealthContributorAutoConfiguration matched:
      - @ConditionalOnClass found required classes 'org.springframework.jdbc.core.JdbcTemplate', 'org.springframework.jdbc.datasource.lookup.AbstractRoutingDataSource' (OnClassCondition)
      - @ConditionalOnEnabledHealthIndicator management.health.defaults.enabled is considered true (OnEnabledHealthIndicatorCondition)
      - @ConditionalOnBean (types: javax.sql.DataSource; SearchStrategy: all) found bean 'dataSource' (OnBeanCondition)

   DataSourceHealthContributorAutoConfiguration#dbHealthContributor matched:
      - @ConditionalOnMissingBean (names: dbHealthIndicator,dbHealthContributor; SearchStrategy: all) did not find any beans (OnBeanCondition)

   DataSourceInitializationConfiguration matched:
      - @ConditionalOnClass found required class 'org.springframework.jdbc.datasource.init.DatabasePopulator' (OnClassCondition)
      - @ConditionalOnSingleCandidate (types: javax.sql.DataSource; SearchStrategy: all) found a single bean 'dataSource'; @ConditionalOnMissingBean (types: org.springframework.boot.autoconfigure.sql.init.SqlDataSourceScriptDatabaseInitializer,org.springframework.boot.autoconfigure.sql.init.SqlR2dbcScriptDatabaseInitializer; SearchStrategy: all) did not find any beans (OnBeanCondition)

   DataSourceJmxConfiguration matched:
      - @ConditionalOnProperty (spring.jmx.enabled=true) matched (OnPropertyCondition)

   DataSourceJmxConfiguration.Hikari matched:
      - @ConditionalOnClass found required class 'com.zaxxer.hikari.HikariDataSource' (OnClassCondition)
      - @ConditionalOnSingleCandidate (types: javax.sql.DataSource; SearchStrategy: all) found a single bean 'dataSource' (OnBeanCondition)

   DataSourcePoolMetadataProvidersConfiguration.HikariPoolDataSourceMetadataProviderConfiguration matched:
      - @ConditionalOnClass found required class 'com.zaxxer.hikari.HikariDataSource' (OnClassCondition)

   DataSourcePoolMetricsAutoConfiguration matched:
      - @ConditionalOnClass found required classes 'javax.sql.DataSource', 'io.micrometer.core.instrument.MeterRegistry' (OnClassCondition)
      - @ConditionalOnBean (types: javax.sql.DataSource,io.micrometer.core.instrument.MeterRegistry; SearchStrategy: all) found beans 'simpleMeterRegistry', 'dataSource' (OnBeanCondition)

   DataSourcePoolMetricsAutoConfiguration.DataSourcePoolMetadataMetricsConfiguration matched:
      - @ConditionalOnBean (types: org.springframework.boot.jdbc.metadata.DataSourcePoolMetadataProvider; SearchStrategy: all) found bean 'hikariPoolDataSourceMetadataProvider' (OnBeanCondition)

   DataSourcePoolMetricsAutoConfiguration.HikariDataSourceMetricsConfiguration matched:
      - @ConditionalOnClass found required class 'com.zaxxer.hikari.HikariDataSource' (OnClassCondition)

   DataSourceTransactionManagerAutoConfiguration matched:
      - @ConditionalOnClass found required classes 'javax.sql.DataSource', 'org.springframework.jdbc.core.JdbcTemplate', 'org.springframework.transaction.TransactionManager' (OnClassCondition)

   DataSourceTransactionManagerAutoConfiguration.JdbcTransactionManagerConfiguration matched:
      - @ConditionalOnSingleCandidate (types: javax.sql.DataSource; SearchStrategy: all) found a single bean 'dataSource' (OnBeanCondition)

   DiskSpaceHealthContributorAutoConfiguration matched:
      - @ConditionalOnEnabledHealthIndicator management.health.defaults.enabled is considered true (OnEnabledHealthIndicatorCondition)

   DiskSpaceHealthContributorAutoConfiguration#diskSpaceHealthIndicator matched:
      - @ConditionalOnMissingBean (names: diskSpaceHealthIndicator; SearchStrategy: all) did not find any beans (OnBeanCondition)

   DispatcherServletAutoConfiguration matched:
      - @ConditionalOnClass found required class 'org.springframework.web.servlet.DispatcherServlet' (OnClassCondition)
      - found 'session' scope (OnWebApplicationCondition)

   DispatcherServletAutoConfiguration.DispatcherServletConfiguration matched:
      - @ConditionalOnClass found required class 'jakarta.servlet.ServletRegistration' (OnClassCondition)
      - Default DispatcherServlet did not find dispatcher servlet beans (DispatcherServletAutoConfiguration.DefaultDispatcherServletCondition)

   DispatcherServletAutoConfiguration.DispatcherServletRegistrationConfiguration matched:
      - @ConditionalOnClass found required class 'jakarta.servlet.ServletRegistration' (OnClassCondition)
      - DispatcherServlet Registration did not find servlet registration bean (DispatcherServletAutoConfiguration.DispatcherServletRegistrationCondition)

   DispatcherServletAutoConfiguration.DispatcherServletRegistrationConfiguration#dispatcherServletRegistration matched:
      - @ConditionalOnBean (names: dispatcherServlet types: org.springframework.web.servlet.DispatcherServlet; SearchStrategy: all) found bean 'dispatcherServlet' (OnBeanCondition)

   EmbeddedWebServerFactoryCustomizerAutoConfiguration matched:
      - @ConditionalOnWebApplication (required) found 'session' scope (OnWebApplicationCondition)
      - @ConditionalOnWarDeployment the application is not deployed as a WAR file. (OnWarDeploymentCondition)

   EmbeddedWebServerFactoryCustomizerAutoConfiguration.NettyWebServerFactoryCustomizerConfiguration matched:
      - @ConditionalOnClass found required class 'reactor.netty.http.server.HttpServer' (OnClassCondition)

   EmbeddedWebServerFactoryCustomizerAutoConfiguration.TomcatWebServerFactoryCustomizerConfiguration matched:
      - @ConditionalOnClass found required classes 'org.apache.catalina.startup.Tomcat', 'org.apache.coyote.UpgradeProtocol' (OnClassCondition)

   EndpointAutoConfiguration#endpointCachingOperationInvokerAdvisor matched:
      - @ConditionalOnMissingBean (types: org.springframework.boot.actuate.endpoint.invoker.cache.CachingOperationInvokerAdvisor; SearchStrategy: all) did not find any beans (OnBeanCondition)

   EndpointAutoConfiguration#endpointOperationParameterMapper matched:
      - @ConditionalOnMissingBean (types: org.springframework.boot.actuate.endpoint.invoke.ParameterValueMapper; SearchStrategy: all) did not find any beans (OnBeanCondition)

   ErrorMvcAutoConfiguration matched:
      - @ConditionalOnClass found required classes 'jakarta.servlet.Servlet', 'org.springframework.web.servlet.DispatcherServlet' (OnClassCondition)
      - found 'session' scope (OnWebApplicationCondition)

   ErrorMvcAutoConfiguration#basicErrorController matched:
      - @ConditionalOnMissingBean (types: org.springframework.boot.web.servlet.error.ErrorController; SearchStrategy: current) did not find any beans (OnBeanCondition)

   ErrorMvcAutoConfiguration#errorAttributes matched:
      - @ConditionalOnMissingBean (types: org.springframework.boot.web.servlet.error.ErrorAttributes; SearchStrategy: current) did not find any beans (OnBeanCondition)

   ErrorMvcAutoConfiguration.DefaultErrorViewResolverConfiguration#conventionErrorViewResolver matched:
      - @ConditionalOnBean (types: org.springframework.web.servlet.DispatcherServlet; SearchStrategy: all) found bean 'dispatcherServlet'; @ConditionalOnMissingBean (types: org.springframework.boot.autoconfigure.web.servlet.error.ErrorViewResolver; SearchStrategy: all) did not find any beans (OnBeanCondition)

   ErrorMvcAutoConfiguration.WhitelabelErrorViewConfiguration matched:
      - @ConditionalOnProperty (server.error.whitelabel.enabled) matched (OnPropertyCondition)
      - ErrorTemplate Missing did not find error template view (ErrorMvcAutoConfiguration.ErrorTemplateMissingCondition)

   ErrorMvcAutoConfiguration.WhitelabelErrorViewConfiguration#beanNameViewResolver matched:
      - @ConditionalOnMissingBean (types: org.springframework.web.servlet.view.BeanNameViewResolver; SearchStrategy: all) did not find any beans (OnBeanCondition)

   ErrorMvcAutoConfiguration.WhitelabelErrorViewConfiguration#defaultErrorView matched:
      - @ConditionalOnMissingBean (names: error; SearchStrategy: all) did not find any beans (OnBeanCondition)

   FallbackConfigurationOnMissingBean#completionStageFallbackDecorator matched:
      - @ConditionalOnMissingBean (types: io.github.resilience4j.spring6.fallback.CompletionStageFallbackDecorator; SearchStrategy: all) did not find any beans (OnBeanCondition)

   FallbackConfigurationOnMissingBean#fallbackDecorators matched:
      - @ConditionalOnMissingBean (types: io.github.resilience4j.spring6.fallback.FallbackDecorators; SearchStrategy: all) did not find any beans (OnBeanCondition)

   FallbackConfigurationOnMissingBean#fallbackExecutor matched:
      - @ConditionalOnMissingBean (types: io.github.resilience4j.spring6.fallback.FallbackExecutor; SearchStrategy: all) did not find any beans (OnBeanCondition)

   GenericCacheConfiguration matched:
      - Cache org.springframework.boot.autoconfigure.cache.GenericCacheConfiguration automatic cache type (CacheCondition)

   GsonAutoConfiguration matched:
      - @ConditionalOnClass found required class 'com.google.gson.Gson' (OnClassCondition)

   GsonAutoConfiguration#gson matched:
      - @ConditionalOnMissingBean (types: com.google.gson.Gson; SearchStrategy: all) did not find any beans (OnBeanCondition)

   GsonAutoConfiguration#gsonBuilder matched:
      - @ConditionalOnMissingBean (types: com.google.gson.GsonBuilder; SearchStrategy: all) did not find any beans (OnBeanCondition)

   GsonHttpMessageConvertersConfiguration matched:
      - @ConditionalOnClass found required class 'com.google.gson.Gson' (OnClassCondition)

   HealthContributorAutoConfiguration#pingHealthContributor matched:
      - @ConditionalOnEnabledHealthIndicator management.health.defaults.enabled is considered true (OnEnabledHealthIndicatorCondition)

   HealthEndpointAutoConfiguration matched:
      - @ConditionalOnAvailableEndpoint marked as exposed by a 'management.endpoints.web.exposure' property (OnAvailableEndpointCondition)

   HealthEndpointConfiguration#healthContributorRegistry matched:
      - @ConditionalOnMissingBean (types: org.springframework.boot.actuate.health.HealthContributorRegistry; SearchStrategy: all) did not find any beans (OnBeanCondition)

   HealthEndpointConfiguration#healthEndpoint matched:
      - @ConditionalOnMissingBean (types: org.springframework.boot.actuate.health.HealthEndpoint; SearchStrategy: all) did not find any beans (OnBeanCondition)

   HealthEndpointConfiguration#healthEndpointGroupMembershipValidator matched:
      - @ConditionalOnProperty (management.endpoint.health.validate-group-membership=true) matched (OnPropertyCondition)

   HealthEndpointConfiguration#healthEndpointGroups matched:
      - @ConditionalOnMissingBean (types: org.springframework.boot.actuate.health.HealthEndpointGroups; SearchStrategy: all) did not find any beans (OnBeanCondition)

   HealthEndpointConfiguration#healthHttpCodeStatusMapper matched:
      - @ConditionalOnMissingBean (types: org.springframework.boot.actuate.health.HttpCodeStatusMapper; SearchStrategy: all) did not find any beans (OnBeanCondition)

   HealthEndpointConfiguration#healthStatusAggregator matched:
      - @ConditionalOnMissingBean (types: org.springframework.boot.actuate.health.StatusAggregator; SearchStrategy: all) did not find any beans (OnBeanCondition)

   HealthEndpointWebExtensionConfiguration matched:
      - found 'session' scope (OnWebApplicationCondition)
      - @ConditionalOnAvailableEndpoint marked as exposed by a 'management.endpoints.web.exposure' property (OnAvailableEndpointCondition)
      - @ConditionalOnBean (types: org.springframework.boot.actuate.health.HealthEndpoint; SearchStrategy: all) found bean 'healthEndpoint' (OnBeanCondition)

   HealthEndpointWebExtensionConfiguration#healthEndpointWebExtension matched:
      - @ConditionalOnMissingBean (types: org.springframework.boot.actuate.health.HealthEndpointWebExtension; SearchStrategy: all) did not find any beans (OnBeanCondition)

   HealthEndpointWebExtensionConfiguration.MvcAdditionalHealthEndpointPathsConfiguration matched:
      - @ConditionalOnAvailableEndpoint marked as exposed by a 'management.endpoints.web.exposure' property (OnAvailableEndpointCondition)
      - @ConditionalOnBean (types: org.springframework.web.servlet.DispatcherServlet; SearchStrategy: all) found bean 'dispatcherServlet' (OnBeanCondition)

   HibernateJpaAutoConfiguration matched:
      - @ConditionalOnClass found required classes 'org.springframework.orm.jpa.LocalContainerEntityManagerFactoryBean', 'jakarta.persistence.EntityManager', 'org.hibernate.engine.spi.SessionImplementor' (OnClassCondition)

   HibernateJpaConfiguration matched:
      - @ConditionalOnSingleCandidate (types: javax.sql.DataSource; SearchStrategy: all) found a single bean 'dataSource' (OnBeanCondition)

   HttpClientObservationsAutoConfiguration matched:
      - @ConditionalOnClass found required class 'io.micrometer.observation.Observation' (OnClassCondition)
      - @ConditionalOnBean (types: io.micrometer.observation.ObservationRegistry; SearchStrategy: all) found bean 'observationRegistry' (OnBeanCondition)

   HttpClientObservationsAutoConfiguration.MeterFilterConfiguration matched:
      - @ConditionalOnClass found required class 'io.micrometer.core.instrument.MeterRegistry' (OnClassCondition)
      - @ConditionalOnBean (types: io.micrometer.core.instrument.MeterRegistry; SearchStrategy: all) found bean 'simpleMeterRegistry' (OnBeanCondition)

   HttpEncodingAutoConfiguration matched:
      - @ConditionalOnClass found required class 'org.springframework.web.filter.CharacterEncodingFilter' (OnClassCondition)
      - found 'session' scope (OnWebApplicationCondition)
      - @ConditionalOnProperty (server.servlet.encoding.enabled) matched (OnPropertyCondition)

   HttpEncodingAutoConfiguration#characterEncodingFilter matched:
      - @ConditionalOnMissingBean (types: org.springframework.web.filter.CharacterEncodingFilter; SearchStrategy: all) did not find any beans (OnBeanCondition)

   HttpMessageConvertersAutoConfiguration matched:
      - @ConditionalOnClass found required class 'org.springframework.http.converter.HttpMessageConverter' (OnClassCondition)
      - NoneNestedConditions 0 matched 1 did not; NestedCondition on HttpMessageConvertersAutoConfiguration.NotReactiveWebApplicationCondition.ReactiveWebApplication not a reactive web application (HttpMessageConvertersAutoConfiguration.NotReactiveWebApplicationCondition)

   HttpMessageConvertersAutoConfiguration#messageConverters matched:
      - @ConditionalOnMissingBean (types: org.springframework.boot.autoconfigure.http.HttpMessageConverters; SearchStrategy: all) did not find any beans (OnBeanCondition)

   HttpMessageConvertersAutoConfiguration.StringHttpMessageConverterConfiguration matched:
      - @ConditionalOnClass found required class 'org.springframework.http.converter.StringHttpMessageConverter' (OnClassCondition)

   HttpMessageConvertersAutoConfiguration.StringHttpMessageConverterConfiguration#stringHttpMessageConverter matched:
      - @ConditionalOnMissingBean (types: org.springframework.http.converter.StringHttpMessageConverter; SearchStrategy: all) did not find any beans (OnBeanCondition)

   InfoEndpointAutoConfiguration matched:
      - @ConditionalOnAvailableEndpoint marked as exposed by a 'management.endpoints.web.exposure' property (OnAvailableEndpointCondition)

   InfoEndpointAutoConfiguration#infoEndpoint matched:
      - @ConditionalOnMissingBean (types: org.springframework.boot.actuate.info.InfoEndpoint; SearchStrategy: all) did not find any beans (OnBeanCondition)

   JacksonAutoConfiguration matched:
      - @ConditionalOnClass found required class 'com.fasterxml.jackson.databind.ObjectMapper' (OnClassCondition)

   JacksonAutoConfiguration.Jackson2ObjectMapperBuilderCustomizerConfiguration matched:
      - @ConditionalOnClass found required class 'org.springframework.http.converter.json.Jackson2ObjectMapperBuilder' (OnClassCondition)

   JacksonAutoConfiguration.JacksonObjectMapperBuilderConfiguration matched:
      - @ConditionalOnClass found required class 'org.springframework.http.converter.json.Jackson2ObjectMapperBuilder' (OnClassCondition)

   JacksonAutoConfiguration.JacksonObjectMapperBuilderConfiguration#jacksonObjectMapperBuilder matched:
      - @ConditionalOnMissingBean (types: org.springframework.http.converter.json.Jackson2ObjectMapperBuilder; SearchStrategy: all) did not find any beans (OnBeanCondition)

   JacksonAutoConfiguration.JacksonObjectMapperConfiguration matched:
      - @ConditionalOnClass found required class 'org.springframework.http.converter.json.Jackson2ObjectMapperBuilder' (OnClassCondition)

   JacksonAutoConfiguration.JacksonObjectMapperConfiguration#jacksonObjectMapper matched:
      - @ConditionalOnMissingBean (types: com.fasterxml.jackson.databind.ObjectMapper; SearchStrategy: all) did not find any beans (OnBeanCondition)

   JacksonAutoConfiguration.ParameterNamesModuleConfiguration matched:
      - @ConditionalOnClass found required class 'com.fasterxml.jackson.module.paramnames.ParameterNamesModule' (OnClassCondition)

   JacksonAutoConfiguration.ParameterNamesModuleConfiguration#parameterNamesModule matched:
      - @ConditionalOnMissingBean (types: com.fasterxml.jackson.module.paramnames.ParameterNamesModule; SearchStrategy: all) did not find any beans (OnBeanCondition)

   JacksonEndpointAutoConfiguration#endpointObjectMapper matched:
      - @ConditionalOnClass found required classes 'com.fasterxml.jackson.databind.ObjectMapper', 'org.springframework.http.converter.json.Jackson2ObjectMapperBuilder' (OnClassCondition)
      - @ConditionalOnProperty (management.endpoints.jackson.isolated-object-mapper) matched (OnPropertyCondition)

   JacksonHttpMessageConvertersConfiguration.MappingJackson2HttpMessageConverterConfiguration matched:
      - @ConditionalOnClass found required class 'com.fasterxml.jackson.databind.ObjectMapper' (OnClassCondition)
      - @ConditionalOnProperty (spring.mvc.converters.preferred-json-mapper=jackson) matched (OnPropertyCondition)
      - @ConditionalOnBean (types: com.fasterxml.jackson.databind.ObjectMapper; SearchStrategy: all) found bean 'jacksonObjectMapper' (OnBeanCondition)

   JacksonHttpMessageConvertersConfiguration.MappingJackson2HttpMessageConverterConfiguration#mappingJackson2HttpMessageConverter matched:
      - @ConditionalOnMissingBean (types: org.springframework.http.converter.json.MappingJackson2HttpMessageConverter ignored: org.springframework.hateoas.server.mvc.TypeConstrainedMappingJackson2HttpMessageConverter,org.springframework.data.rest.webmvc.alps.AlpsJsonHttpMessageConverter; SearchStrategy: all) did not find any beans (OnBeanCondition)

   JdbcClientAutoConfiguration matched:
      - @ConditionalOnSingleCandidate (types: org.springframework.jdbc.core.namedparam.NamedParameterJdbcTemplate; SearchStrategy: all) found a single bean 'namedParameterJdbcTemplate'; @ConditionalOnMissingBean (types: org.springframework.jdbc.core.simple.JdbcClient; SearchStrategy: all) did not find any beans (OnBeanCondition)

   JdbcTemplateAutoConfiguration matched:
      - @ConditionalOnClass found required classes 'javax.sql.DataSource', 'org.springframework.jdbc.core.JdbcTemplate' (OnClassCondition)
      - @ConditionalOnSingleCandidate (types: javax.sql.DataSource; SearchStrategy: all) found a single bean 'dataSource' (OnBeanCondition)

   JdbcTemplateConfiguration matched:
      - @ConditionalOnMissingBean (types: org.springframework.jdbc.core.JdbcOperations; SearchStrategy: all) did not find any beans (OnBeanCondition)

   JpaBaseConfiguration#entityManagerFactory matched:
      - @ConditionalOnMissingBean (types: org.springframework.orm.jpa.LocalContainerEntityManagerFactoryBean,jakarta.persistence.EntityManagerFactory; SearchStrategy: all) did not find any beans (OnBeanCondition)

   JpaBaseConfiguration#entityManagerFactoryBuilder matched:
      - @ConditionalOnMissingBean (types: org.springframework.boot.orm.jpa.EntityManagerFactoryBuilder; SearchStrategy: all) did not find any beans (OnBeanCondition)

   JpaBaseConfiguration#jpaVendorAdapter matched:
      - @ConditionalOnMissingBean (types: org.springframework.orm.jpa.JpaVendorAdapter; SearchStrategy: all) did not find any beans (OnBeanCondition)

   JpaBaseConfiguration#transactionManager matched:
      - @ConditionalOnMissingBean (types: org.springframework.transaction.TransactionManager; SearchStrategy: all) did not find any beans (OnBeanCondition)

   JpaBaseConfiguration.PersistenceManagedTypesConfiguration matched:
      - @ConditionalOnMissingBean (types: org.springframework.orm.jpa.LocalContainerEntityManagerFactoryBean,jakarta.persistence.EntityManagerFactory; SearchStrategy: all) did not find any beans (OnBeanCondition)

   JpaBaseConfiguration.PersistenceManagedTypesConfiguration#persistenceManagedTypes matched:
      - @ConditionalOnMissingBean (types: org.springframework.orm.jpa.persistenceunit.PersistenceManagedTypes; SearchStrategy: all) did not find any beans (OnBeanCondition)

   JpaRepositoriesAutoConfiguration matched:
      - @ConditionalOnClass found required class 'org.springframework.data.jpa.repository.JpaRepository' (OnClassCondition)
      - @ConditionalOnProperty (spring.data.jpa.repositories.enabled=true) matched (OnPropertyCondition)
      - @ConditionalOnBean (types: javax.sql.DataSource; SearchStrategy: all) found bean 'dataSource'; @ConditionalOnMissingBean (types: org.springframework.data.jpa.repository.support.JpaRepositoryFactoryBean,org.springframework.data.jpa.repository.config.JpaRepositoryConfigExtension; SearchStrategy: all) did not find any beans (OnBeanCondition)

   JtaAutoConfiguration matched:
      - @ConditionalOnClass found required class 'jakarta.transaction.Transaction' (OnClassCondition)
      - @ConditionalOnProperty (spring.jta.enabled) matched (OnPropertyCondition)

   JvmMetricsAutoConfiguration matched:
      - @ConditionalOnClass found required class 'io.micrometer.core.instrument.MeterRegistry' (OnClassCondition)
      - @ConditionalOnBean (types: io.micrometer.core.instrument.MeterRegistry; SearchStrategy: all) found bean 'simpleMeterRegistry' (OnBeanCondition)

   JvmMetricsAutoConfiguration#classLoaderMetrics matched:
      - @ConditionalOnMissingBean (types: io.micrometer.core.instrument.binder.jvm.ClassLoaderMetrics; SearchStrategy: all) did not find any beans (OnBeanCondition)

   JvmMetricsAutoConfiguration#jvmCompilationMetrics matched:
      - @ConditionalOnMissingBean (types: io.micrometer.core.instrument.binder.jvm.JvmCompilationMetrics; SearchStrategy: all) did not find any beans (OnBeanCondition)

   JvmMetricsAutoConfiguration#jvmGcMetrics matched:
      - @ConditionalOnMissingBean (types: io.micrometer.core.instrument.binder.jvm.JvmGcMetrics; SearchStrategy: all) did not find any beans (OnBeanCondition)

   JvmMetricsAutoConfiguration#jvmHeapPressureMetrics matched:
      - @ConditionalOnMissingBean (types: io.micrometer.core.instrument.binder.jvm.JvmHeapPressureMetrics; SearchStrategy: all) did not find any beans (OnBeanCondition)

   JvmMetricsAutoConfiguration#jvmInfoMetrics matched:
      - @ConditionalOnMissingBean (types: io.micrometer.core.instrument.binder.jvm.JvmInfoMetrics; SearchStrategy: all) did not find any beans (OnBeanCondition)

   JvmMetricsAutoConfiguration#jvmMemoryMetrics matched:
      - @ConditionalOnMissingBean (types: io.micrometer.core.instrument.binder.jvm.JvmMemoryMetrics; SearchStrategy: all) did not find any beans (OnBeanCondition)

   JvmMetricsAutoConfiguration#jvmThreadMetrics matched:
      - @ConditionalOnMissingBean (types: io.micrometer.core.instrument.binder.jvm.JvmThreadMetrics; SearchStrategy: all) did not find any beans (OnBeanCondition)

   LettuceConnectionConfiguration matched:
      - @ConditionalOnClass found required class 'io.lettuce.core.RedisClient' (OnClassCondition)
      - @ConditionalOnProperty (spring.data.redis.client-type=lettuce) matched (OnPropertyCondition)

   LettuceConnectionConfiguration#lettuceClientResources matched:
      - @ConditionalOnMissingBean (types: io.lettuce.core.resource.ClientResources; SearchStrategy: all) did not find any beans (OnBeanCondition)

   LettuceConnectionConfiguration#redisConnectionFactory matched:
      - @ConditionalOnMissingBean (types: org.springframework.data.redis.connection.RedisConnectionFactory; SearchStrategy: all) did not find any beans (OnBeanCondition)
      - @ConditionalOnThreading found PLATFORM (OnThreadingCondition)

   LettuceMetricsAutoConfiguration matched:
      - @ConditionalOnClass found required classes 'io.lettuce.core.RedisClient', 'io.lettuce.core.metrics.MicrometerCommandLatencyRecorder' (OnClassCondition)
      - @ConditionalOnBean (types: io.micrometer.core.instrument.MeterRegistry; SearchStrategy: all) found bean 'simpleMeterRegistry' (OnBeanCondition)

   LettuceMetricsAutoConfiguration#micrometerOptions matched:
      - @ConditionalOnMissingBean (types: io.lettuce.core.metrics.MicrometerOptions; SearchStrategy: all) did not find any beans (OnBeanCondition)

   LifecycleAutoConfiguration#defaultLifecycleProcessor matched:
      - @ConditionalOnMissingBean (names: lifecycleProcessor; SearchStrategy: current) did not find any beans (OnBeanCondition)

   LogbackMetricsAutoConfiguration matched:
      - @ConditionalOnClass found required classes 'io.micrometer.core.instrument.MeterRegistry', 'ch.qos.logback.classic.LoggerContext', 'org.slf4j.LoggerFactory' (OnClassCondition)
      - LogbackLoggingCondition ILoggerFactory is a Logback LoggerContext (LogbackMetricsAutoConfiguration.LogbackLoggingCondition)
      - @ConditionalOnBean (types: io.micrometer.core.instrument.MeterRegistry; SearchStrategy: all) found bean 'simpleMeterRegistry' (OnBeanCondition)

   LogbackMetricsAutoConfiguration#logbackMetrics matched:
      - @ConditionalOnMissingBean (types: io.micrometer.core.instrument.binder.logging.LogbackMetrics; SearchStrategy: all) did not find any beans (OnBeanCondition)

   ManagementContextAutoConfiguration.SameManagementContextConfiguration matched:
      - Management Port actual port type (SAME) matched required type (OnManagementPortCondition)

   MetricsAutoConfiguration matched:
      - @ConditionalOnClass found required class 'io.micrometer.core.annotation.Timed' (OnClassCondition)

   MetricsAutoConfiguration#micrometerClock matched:
      - @ConditionalOnMissingBean (types: io.micrometer.core.instrument.Clock; SearchStrategy: all) did not find any beans (OnBeanCondition)

   MetricsEndpointAutoConfiguration matched:
      - @ConditionalOnClass found required class 'io.micrometer.core.annotation.Timed' (OnClassCondition)
      - @ConditionalOnAvailableEndpoint marked as exposed by a 'management.endpoints.web.exposure' property (OnAvailableEndpointCondition)

   MetricsEndpointAutoConfiguration#metricsEndpoint matched:
      - @ConditionalOnBean (types: io.micrometer.core.instrument.MeterRegistry; SearchStrategy: all) found bean 'simpleMeterRegistry'; @ConditionalOnMissingBean (types: org.springframework.boot.actuate.metrics.MetricsEndpoint; SearchStrategy: all) did not find any beans (OnBeanCondition)

   MultipartAutoConfiguration matched:
      - @ConditionalOnClass found required classes 'jakarta.servlet.Servlet', 'org.springframework.web.multipart.support.StandardServletMultipartResolver', 'jakarta.servlet.MultipartConfigElement' (OnClassCondition)
      - found 'session' scope (OnWebApplicationCondition)
      - @ConditionalOnProperty (spring.servlet.multipart.enabled) matched (OnPropertyCondition)

   MultipartAutoConfiguration#multipartConfigElement matched:
      - @ConditionalOnMissingBean (types: jakarta.servlet.MultipartConfigElement; SearchStrategy: all) did not find any beans (OnBeanCondition)

   MultipartAutoConfiguration#multipartResolver matched:
      - @ConditionalOnMissingBean (types: org.springframework.web.multipart.MultipartResolver; SearchStrategy: all) did not find any beans (OnBeanCondition)

   NamedParameterJdbcTemplateConfiguration matched:
      - @ConditionalOnSingleCandidate (types: org.springframework.jdbc.core.JdbcTemplate; SearchStrategy: all) found a single bean 'jdbcTemplate'; @ConditionalOnMissingBean (types: org.springframework.jdbc.core.namedparam.NamedParameterJdbcOperations; SearchStrategy: all) did not find any beans (OnBeanCondition)

   NettyAutoConfiguration matched:
      - @ConditionalOnClass found required class 'io.netty.util.NettyRuntime' (OnClassCondition)

   NoOpCacheConfiguration matched:
      - Cache org.springframework.boot.autoconfigure.cache.NoOpCacheConfiguration automatic cache type (CacheCondition)

   OAuth2ClientAutoConfiguration matched:
      - @ConditionalOnClass found required classes 'org.springframework.security.config.annotation.web.configuration.EnableWebSecurity', 'org.springframework.security.oauth2.client.registration.ClientRegistration' (OnClassCondition)
      - found 'session' scope (OnWebApplicationCondition)

   ObservationAutoConfiguration matched:
      - @ConditionalOnClass found required class 'io.micrometer.observation.ObservationRegistry' (OnClassCondition)

   ObservationAutoConfiguration#observationRegistry matched:
      - @ConditionalOnMissingBean (types: io.micrometer.observation.ObservationRegistry; SearchStrategy: all) did not find any beans (OnBeanCondition)

   ObservationAutoConfiguration.MeterObservationHandlerConfiguration matched:
      - @ConditionalOnBean (types: io.micrometer.core.instrument.MeterRegistry; SearchStrategy: all) found bean 'simpleMeterRegistry'; @ConditionalOnMissingBean (types: io.micrometer.core.instrument.observation.MeterObservationHandler; SearchStrategy: all) did not find any beans (OnBeanCondition)

   ObservationAutoConfiguration.MeterObservationHandlerConfiguration.OnlyMetricsMeterObservationHandlerConfiguration matched:
      - @ConditionalOnMissingBean (types: io.micrometer.tracing.Tracer; SearchStrategy: all) did not find any beans (OnBeanCondition)

   ObservationAutoConfiguration.ObservedAspectConfiguration matched:
      - @ConditionalOnClass found required class 'org.aspectj.weaver.Advice' (OnClassCondition)

   ObservationAutoConfiguration.ObservedAspectConfiguration#observedAspect matched:
      - @ConditionalOnMissingBean (types: io.micrometer.observation.aop.ObservedAspect; SearchStrategy: all) did not find any beans (OnBeanCondition)

   ObservationAutoConfiguration.OnlyMetricsConfiguration matched:
      - @ConditionalOnClass found required class 'io.micrometer.core.instrument.MeterRegistry'; @ConditionalOnMissingClass did not find unwanted class 'io.micrometer.tracing.Tracer' (OnClassCondition)

   PersistenceExceptionTranslationAutoConfiguration matched:
      - @ConditionalOnClass found required class 'org.springframework.dao.annotation.PersistenceExceptionTranslationPostProcessor' (OnClassCondition)

   PersistenceExceptionTranslationAutoConfiguration#persistenceExceptionTranslationPostProcessor matched:
      - @ConditionalOnProperty (spring.dao.exceptiontranslation.enabled) matched (OnPropertyCondition)
      - @ConditionalOnMissingBean (types: org.springframework.dao.annotation.PersistenceExceptionTranslationPostProcessor; SearchStrategy: all) did not find any beans (OnBeanCondition)

   PropertyPlaceholderAutoConfiguration#propertySourcesPlaceholderConfigurer matched:
      - @ConditionalOnMissingBean (types: org.springframework.context.support.PropertySourcesPlaceholderConfigurer; SearchStrategy: current) did not find any beans (OnBeanCondition)

   RateLimiterAutoConfiguration matched:
      - @ConditionalOnClass found required class 'io.github.resilience4j.ratelimiter.RateLimiter' (OnClassCondition)

   RateLimiterAutoConfiguration.RateLimiterEndpointAutoConfiguration matched:
      - @ConditionalOnClass found required class 'org.springframework.boot.actuate.endpoint.annotation.Endpoint' (OnClassCondition)

   RateLimiterConfigurationOnMissingBean#rateLimiterEventsConsumerRegistry matched:
      - @ConditionalOnMissingBean (types: io.github.resilience4j.ratelimiter.event.RateLimiterEvent; SearchStrategy: all) did not find any beans (OnBeanCondition)

   RateLimiterMetricsAutoConfiguration matched:
      - @ConditionalOnClass found required classes 'io.micrometer.core.instrument.MeterRegistry', 'io.github.resilience4j.ratelimiter.RateLimiter', 'io.github.resilience4j.micrometer.tagged.TaggedRateLimiterMetricsPublisher' (OnClassCondition)
      - @ConditionalOnProperty (resilience4j.ratelimiter.metrics.enabled) matched (OnPropertyCondition)

   RateLimiterMetricsAutoConfiguration#taggedRateLimiterMetricsPublisher matched:
      - @ConditionalOnProperty (resilience4j.ratelimiter.metrics.legacy.enabled=false) matched (OnPropertyCondition)
      - @ConditionalOnBean (types: io.micrometer.core.instrument.MeterRegistry; SearchStrategy: all) found bean 'simpleMeterRegistry'; @ConditionalOnMissingBean (types: io.github.resilience4j.micrometer.tagged.TaggedRateLimiterMetricsPublisher; SearchStrategy: all) did not find any beans (OnBeanCondition)

   RateLimitersHealthIndicatorAutoConfiguration matched:
      - @ConditionalOnClass found required classes 'io.github.resilience4j.ratelimiter.RateLimiter', 'org.springframework.boot.actuate.health.HealthIndicator', 'org.springframework.boot.actuate.health.StatusAggregator' (OnClassCondition)

   ReactiveHealthEndpointConfiguration matched:
      - @ConditionalOnClass found required class 'reactor.core.publisher.Flux' (OnClassCondition)
      - @ConditionalOnBean (types: org.springframework.boot.actuate.health.HealthEndpoint; SearchStrategy: all) found bean 'healthEndpoint' (OnBeanCondition)

   ReactiveHealthEndpointConfiguration#reactiveHealthContributorRegistry matched:
      - @ConditionalOnMissingBean (types: org.springframework.boot.actuate.health.ReactiveHealthContributorRegistry; SearchStrategy: all) did not find any beans (OnBeanCondition)

   ReactiveSecurityAutoConfiguration matched:
      - @ConditionalOnClass found required classes 'reactor.core.publisher.Flux', 'org.springframework.security.config.annotation.web.reactive.EnableWebFluxSecurity', 'org.springframework.security.web.server.WebFilterChainProxy', 'org.springframework.web.reactive.config.WebFluxConfigurer' (OnClassCondition)

   ReactorAutoConfiguration matched:
      - @ConditionalOnClass found required class 'reactor.core.publisher.Hooks' (OnClassCondition)

   ReactorNettyConfigurations.ReactorResourceFactoryConfiguration#reactorResourceFactory matched:
      - @ConditionalOnMissingBean (types: org.springframework.http.client.ReactorResourceFactory; SearchStrategy: all) did not find any beans (OnBeanCondition)

   RedisAutoConfiguration matched:
      - @ConditionalOnClass found required class 'org.springframework.data.redis.core.RedisOperations' (OnClassCondition)

   RedisAutoConfiguration#redisConnectionDetails matched:
      - @ConditionalOnMissingBean (types: org.springframework.boot.autoconfigure.data.redis.RedisConnectionDetails; SearchStrategy: all) did not find any beans (OnBeanCondition)

   RedisAutoConfiguration#stringRedisTemplate matched:
      - @ConditionalOnSingleCandidate (types: org.springframework.data.redis.connection.RedisConnectionFactory; SearchStrategy: all) found a single bean 'redisConnectionFactory'; @ConditionalOnMissingBean (types: org.springframework.data.redis.core.StringRedisTemplate; SearchStrategy: all) did not find any beans (OnBeanCondition)

   RedisCacheConfiguration matched:
      - @ConditionalOnClass found required class 'org.springframework.data.redis.connection.RedisConnectionFactory' (OnClassCondition)
      - Cache org.springframework.boot.autoconfigure.cache.RedisCacheConfiguration automatic cache type (CacheCondition)

   RedisHealthContributorAutoConfiguration matched:
      - @ConditionalOnClass found required class 'org.springframework.data.redis.connection.RedisConnectionFactory' (OnClassCondition)
      - @ConditionalOnEnabledHealthIndicator management.health.defaults.enabled is considered true (OnEnabledHealthIndicatorCondition)
      - @ConditionalOnBean (types: org.springframework.data.redis.connection.RedisConnectionFactory; SearchStrategy: all) found bean 'redisConnectionFactory' (OnBeanCondition)

   RedisReactiveAutoConfiguration matched:
      - @ConditionalOnClass found required classes 'org.springframework.data.redis.connection.ReactiveRedisConnectionFactory', 'org.springframework.data.redis.core.ReactiveRedisTemplate', 'reactor.core.publisher.Flux' (OnClassCondition)

   RedisReactiveAutoConfiguration#reactiveRedisTemplate matched:
      - @ConditionalOnBean (types: org.springframework.data.redis.connection.ReactiveRedisConnectionFactory; SearchStrategy: all) found bean 'redisConnectionFactory'; @ConditionalOnMissingBean (names: reactiveRedisTemplate; SearchStrategy: all) did not find any beans (OnBeanCondition)

   RedisReactiveAutoConfiguration#reactiveStringRedisTemplate matched:
      - @ConditionalOnBean (types: org.springframework.data.redis.connection.ReactiveRedisConnectionFactory; SearchStrategy: all) found bean 'redisConnectionFactory'; @ConditionalOnMissingBean (names: reactiveStringRedisTemplate; SearchStrategy: all) did not find any beans (OnBeanCondition)

   RedisReactiveHealthContributorAutoConfiguration matched:
      - @ConditionalOnClass found required classes 'org.springframework.data.redis.connection.ReactiveRedisConnectionFactory', 'reactor.core.publisher.Flux' (OnClassCondition)
      - @ConditionalOnEnabledHealthIndicator management.health.defaults.enabled is considered true (OnEnabledHealthIndicatorCondition)
      - @ConditionalOnBean (types: org.springframework.data.redis.connection.ReactiveRedisConnectionFactory; SearchStrategy: all) found bean 'redisConnectionFactory' (OnBeanCondition)

   RedisReactiveHealthContributorAutoConfiguration#redisHealthContributor matched:
      - @ConditionalOnMissingBean (names: redisHealthIndicator,redisHealthContributor; SearchStrategy: all) did not find any beans (OnBeanCondition)

   RedisRepositoriesAutoConfiguration matched:
      - @ConditionalOnClass found required class 'org.springframework.data.redis.repository.configuration.EnableRedisRepositories' (OnClassCondition)
      - @ConditionalOnProperty (spring.data.redis.repositories.enabled=true) matched (OnPropertyCondition)
      - @ConditionalOnBean (types: org.springframework.data.redis.connection.RedisConnectionFactory; SearchStrategy: all) found bean 'redisConnectionFactory'; @ConditionalOnMissingBean (types: org.springframework.data.redis.repository.support.RedisRepositoryFactoryBean; SearchStrategy: all) did not find any beans (OnBeanCondition)

   RepositoryMetricsAutoConfiguration matched:
      - @ConditionalOnClass found required class 'org.springframework.data.repository.Repository' (OnClassCondition)
      - @ConditionalOnBean (types: io.micrometer.core.instrument.MeterRegistry; SearchStrategy: all) found bean 'simpleMeterRegistry' (OnBeanCondition)

   RepositoryMetricsAutoConfiguration#metricsRepositoryMethodInvocationListener matched:
      - @ConditionalOnMissingBean (types: org.springframework.boot.actuate.metrics.data.MetricsRepositoryMethodInvocationListener; SearchStrategy: all) did not find any beans (OnBeanCondition)

   RepositoryMetricsAutoConfiguration#repositoryTagsProvider matched:
      - @ConditionalOnMissingBean (types: org.springframework.boot.actuate.metrics.data.RepositoryTagsProvider; SearchStrategy: all) did not find any beans (OnBeanCondition)

   RestClientAutoConfiguration matched:
      - @ConditionalOnClass found required class 'org.springframework.web.client.RestClient' (OnClassCondition)
      - NoneNestedConditions 0 matched 1 did not; NestedCondition on NotReactiveWebApplicationCondition.ReactiveWebApplication not a reactive web application (NotReactiveWebApplicationCondition)

   RestClientAutoConfiguration#httpMessageConvertersRestClientCustomizer matched:
      - @ConditionalOnMissingBean (types: org.springframework.boot.autoconfigure.web.client.HttpMessageConvertersRestClientCustomizer; SearchStrategy: all) did not find any beans (OnBeanCondition)

   RestClientAutoConfiguration#restClientBuilder matched:
      - @ConditionalOnMissingBean (types: org.springframework.web.client.RestClient$Builder; SearchStrategy: all) did not find any beans (OnBeanCondition)

   RestClientAutoConfiguration#restClientBuilderConfigurer matched:
      - @ConditionalOnMissingBean (types: org.springframework.boot.autoconfigure.web.client.RestClientBuilderConfigurer; SearchStrategy: all) did not find any beans (OnBeanCondition)

   RestClientAutoConfiguration#restClientSsl matched:
      - @ConditionalOnBean (types: org.springframework.boot.ssl.SslBundles; SearchStrategy: all) found bean 'sslBundleRegistry'; @ConditionalOnMissingBean (types: org.springframework.boot.autoconfigure.web.client.RestClientSsl; SearchStrategy: all) did not find any beans (OnBeanCondition)

   RestClientObservationConfiguration matched:
      - @ConditionalOnClass found required class 'org.springframework.web.client.RestClient' (OnClassCondition)
      - @ConditionalOnBean (types: org.springframework.web.client.RestClient$Builder; SearchStrategy: all) found bean 'restClientBuilder' (OnBeanCondition)

   RestTemplateAutoConfiguration matched:
      - @ConditionalOnClass found required class 'org.springframework.web.client.RestTemplate' (OnClassCondition)
      - NoneNestedConditions 0 matched 1 did not; NestedCondition on NotReactiveWebApplicationCondition.ReactiveWebApplication not a reactive web application (NotReactiveWebApplicationCondition)

   RestTemplateAutoConfiguration#restTemplateBuilder matched:
      - @ConditionalOnMissingBean (types: org.springframework.boot.web.client.RestTemplateBuilder; SearchStrategy: all) did not find any beans (OnBeanCondition)

   RestTemplateObservationConfiguration matched:
      - @ConditionalOnClass found required class 'org.springframework.web.client.RestTemplate' (OnClassCondition)
      - @ConditionalOnBean (types: org.springframework.boot.web.client.RestTemplateBuilder; SearchStrategy: all) found bean 'restTemplateBuilder' (OnBeanCondition)

   RetryAutoConfiguration matched:
      - @ConditionalOnClass found required class 'io.github.resilience4j.retry.Retry' (OnClassCondition)

   RetryAutoConfiguration.RetryAutoEndpointConfiguration matched:
      - @ConditionalOnClass found required class 'org.springframework.boot.actuate.endpoint.annotation.Endpoint' (OnClassCondition)

   RetryConfigurationOnMissingBean#retryEventConsumerRegistry matched:
      - @ConditionalOnMissingBean (types: io.github.resilience4j.retry.event.RetryEvent; SearchStrategy: all) did not find any beans (OnBeanCondition)

   RetryMetricsAutoConfiguration matched:
      - @ConditionalOnClass found required classes 'io.micrometer.core.instrument.MeterRegistry', 'io.github.resilience4j.retry.Retry', 'io.github.resilience4j.micrometer.tagged.TaggedRetryMetricsPublisher' (OnClassCondition)
      - @ConditionalOnProperty (resilience4j.retry.metrics.enabled) matched (OnPropertyCondition)

   RetryMetricsAutoConfiguration#taggedRetryMetricsPublisher matched:
      - @ConditionalOnProperty (resilience4j.retry.metrics.legacy.enabled=false) matched (OnPropertyCondition)
      - @ConditionalOnBean (types: io.micrometer.core.instrument.MeterRegistry; SearchStrategy: all) found bean 'simpleMeterRegistry'; @ConditionalOnMissingBean (types: io.github.resilience4j.micrometer.tagged.TaggedRetryMetricsPublisher; SearchStrategy: all) did not find any beans (OnBeanCondition)

   ScheduledTasksObservabilityAutoConfiguration matched:
      - @ConditionalOnClass found required class 'org.springframework.scheduling.concurrent.ThreadPoolTaskScheduler' (OnClassCondition)
      - @ConditionalOnBean (types: io.micrometer.observation.ObservationRegistry; SearchStrategy: all) found bean 'observationRegistry' (OnBeanCondition)

   SecurityAutoConfiguration matched:
      - @ConditionalOnClass found required class 'org.springframework.security.authentication.DefaultAuthenticationEventPublisher' (OnClassCondition)

   SecurityAutoConfiguration#authenticationEventPublisher matched:
      - @ConditionalOnMissingBean (types: org.springframework.security.authentication.AuthenticationEventPublisher; SearchStrategy: all) did not find any beans (OnBeanCondition)

   SecurityFilterAutoConfiguration matched:
      - @ConditionalOnClass found required classes 'org.springframework.security.web.context.AbstractSecurityWebApplicationInitializer', 'org.springframework.security.config.http.SessionCreationPolicy' (OnClassCondition)
      - found 'session' scope (OnWebApplicationCondition)

   SecurityFilterAutoConfiguration#securityFilterChainRegistration matched:
      - @ConditionalOnBean (names: springSecurityFilterChain; SearchStrategy: all) found bean 'springSecurityFilterChain' (OnBeanCondition)

   SecurityRequestMatchersManagementContextConfiguration matched:
      - @ConditionalOnClass found required class 'org.springframework.security.web.util.matcher.RequestMatcher' (OnClassCondition)
      - found 'session' scope (OnWebApplicationCondition)

   SecurityRequestMatchersManagementContextConfiguration.MvcRequestMatcherConfiguration matched:
      - @ConditionalOnClass found required class 'org.springframework.web.servlet.DispatcherServlet' (OnClassCondition)
      - @ConditionalOnBean (types: org.springframework.boot.autoconfigure.web.servlet.DispatcherServletPath; SearchStrategy: all) found bean 'dispatcherServletRegistration' (OnBeanCondition)

   SecurityRequestMatchersManagementContextConfiguration.MvcRequestMatcherConfiguration#requestMatcherProvider matched:
      - @ConditionalOnClass found required class 'org.springframework.web.servlet.DispatcherServlet' (OnClassCondition)
      - @ConditionalOnMissingBean (types: org.springframework.boot.autoconfigure.security.servlet.RequestMatcherProvider; SearchStrategy: all) did not find any beans (OnBeanCondition)

   ServletEndpointManagementContextConfiguration matched:
      - found 'session' scope (OnWebApplicationCondition)

   ServletEndpointManagementContextConfiguration.WebMvcServletEndpointManagementContextConfiguration matched:
      - @ConditionalOnClass found required class 'org.springframework.web.servlet.DispatcherServlet' (OnClassCondition)

   ServletManagementContextAutoConfiguration matched:
      - @ConditionalOnClass found required class 'jakarta.servlet.Servlet' (OnClassCondition)
      - found 'session' scope (OnWebApplicationCondition)

   ServletWebServerFactoryAutoConfiguration matched:
      - @ConditionalOnClass found required class 'jakarta.servlet.ServletRequest' (OnClassCondition)
      - found 'session' scope (OnWebApplicationCondition)

   ServletWebServerFactoryAutoConfiguration#tomcatServletWebServerFactoryCustomizer matched:
      - @ConditionalOnClass found required class 'org.apache.catalina.startup.Tomcat' (OnClassCondition)

   ServletWebServerFactoryConfiguration.EmbeddedTomcat matched:
      - @ConditionalOnClass found required classes 'jakarta.servlet.Servlet', 'org.apache.catalina.startup.Tomcat', 'org.apache.coyote.UpgradeProtocol' (OnClassCondition)
      - @ConditionalOnMissingBean (types: org.springframework.boot.web.servlet.server.ServletWebServerFactory; SearchStrategy: current) did not find any beans (OnBeanCondition)

   SimpleCacheConfiguration matched:
      - Cache org.springframework.boot.autoconfigure.cache.SimpleCacheConfiguration automatic cache type (CacheCondition)

   SimpleMetricsExportAutoConfiguration matched:
      - @ConditionalOnEnabledMetricsExport management.defaults.metrics.export.enabled is considered true (OnMetricsExportEnabledCondition)
      - @ConditionalOnBean (types: io.micrometer.core.instrument.Clock; SearchStrategy: all) found bean 'micrometerClock'; @ConditionalOnMissingBean (types: io.micrometer.core.instrument.MeterRegistry; SearchStrategy: all) did not find any beans (OnBeanCondition)

   SimpleMetricsExportAutoConfiguration#simpleConfig matched:
      - @ConditionalOnMissingBean (types: io.micrometer.core.instrument.simple.SimpleConfig; SearchStrategy: all) did not find any beans (OnBeanCondition)

   SpelResolverConfigurationOnMissingBean#parameterNameDiscoverer matched:
      - @ConditionalOnMissingBean (types: org.springframework.core.ParameterNameDiscoverer; SearchStrategy: all) did not find any beans (OnBeanCondition)

   SpelResolverConfigurationOnMissingBean#spelExpressionParser matched:
      - @ConditionalOnMissingBean (types: org.springframework.expression.spel.standard.SpelExpressionParser; SearchStrategy: all) did not find any beans (OnBeanCondition)

   SpelResolverConfigurationOnMissingBean#spelResolver matched:
      - @ConditionalOnMissingBean (types: io.github.resilience4j.spring6.spelresolver.SpelResolver; SearchStrategy: all) did not find any beans (OnBeanCondition)

   SpringBootWebSecurityConfiguration matched:
      - found 'session' scope (OnWebApplicationCondition)

   SpringDataWebAutoConfiguration matched:
      - @ConditionalOnClass found required classes 'org.springframework.data.web.PageableHandlerMethodArgumentResolver', 'org.springframework.web.servlet.config.annotation.WebMvcConfigurer' (OnClassCondition)
      - found 'session' scope (OnWebApplicationCondition)
      - @ConditionalOnMissingBean (types: org.springframework.data.web.PageableHandlerMethodArgumentResolver; SearchStrategy: all) did not find any beans (OnBeanCondition)

   SpringDataWebAutoConfiguration#pageableCustomizer matched:
      - @ConditionalOnMissingBean (types: org.springframework.data.web.config.PageableHandlerMethodArgumentResolverCustomizer; SearchStrategy: all) did not find any beans (OnBeanCondition)

   SpringDataWebAutoConfiguration#sortCustomizer matched:
      - @ConditionalOnMissingBean (types: org.springframework.data.web.config.SortHandlerMethodArgumentResolverCustomizer; SearchStrategy: all) did not find any beans (OnBeanCondition)

   SqlInitializationAutoConfiguration matched:
      - @ConditionalOnProperty (spring.sql.init.enabled) matched (OnPropertyCondition)
      - NoneNestedConditions 0 matched 1 did not; NestedCondition on SqlInitializationAutoConfiguration.SqlInitializationModeCondition.ModeIsNever @ConditionalOnProperty (spring.sql.init.mode=never) did not find property 'mode' (SqlInitializationAutoConfiguration.SqlInitializationModeCondition)

   SslAutoConfiguration#sslBundleRegistry matched:
      - @ConditionalOnMissingBean (types: org.springframework.boot.ssl.SslBundleRegistry,org.springframework.boot.ssl.SslBundles; SearchStrategy: all) did not find any beans (OnBeanCondition)

   StartupTimeMetricsListenerAutoConfiguration matched:
      - @ConditionalOnClass found required class 'io.micrometer.core.instrument.MeterRegistry' (OnClassCondition)
      - @ConditionalOnBean (types: io.micrometer.core.instrument.MeterRegistry; SearchStrategy: all) found bean 'simpleMeterRegistry' (OnBeanCondition)

   StartupTimeMetricsListenerAutoConfiguration#startupTimeMetrics matched:
      - @ConditionalOnMissingBean (types: org.springframework.boot.actuate.metrics.startup.StartupTimeMetricsListener; SearchStrategy: all) did not find any beans (OnBeanCondition)

   SystemMetricsAutoConfiguration matched:
      - @ConditionalOnClass found required class 'io.micrometer.core.instrument.MeterRegistry' (OnClassCondition)
      - @ConditionalOnBean (types: io.micrometer.core.instrument.MeterRegistry; SearchStrategy: all) found bean 'simpleMeterRegistry' (OnBeanCondition)

   SystemMetricsAutoConfiguration#diskSpaceMetrics matched:
      - @ConditionalOnMissingBean (types: org.springframework.boot.actuate.metrics.system.DiskSpaceMetricsBinder; SearchStrategy: all) did not find any beans (OnBeanCondition)

   SystemMetricsAutoConfiguration#fileDescriptorMetrics matched:
      - @ConditionalOnMissingBean (types: io.micrometer.core.instrument.binder.system.FileDescriptorMetrics; SearchStrategy: all) did not find any beans (OnBeanCondition)

   SystemMetricsAutoConfiguration#processorMetrics matched:
      - @ConditionalOnMissingBean (types: io.micrometer.core.instrument.binder.system.ProcessorMetrics; SearchStrategy: all) did not find any beans (OnBeanCondition)

   SystemMetricsAutoConfiguration#uptimeMetrics matched:
      - @ConditionalOnMissingBean (types: io.micrometer.core.instrument.binder.system.UptimeMetrics; SearchStrategy: all) did not find any beans (OnBeanCondition)

   TaskExecutionAutoConfiguration matched:
      - @ConditionalOnClass found required class 'org.springframework.scheduling.concurrent.ThreadPoolTaskExecutor' (OnClassCondition)

   TaskExecutorConfigurations.SimpleAsyncTaskExecutorBuilderConfiguration#simpleAsyncTaskExecutorBuilder matched:
      - @ConditionalOnMissingBean (types: org.springframework.boot.task.SimpleAsyncTaskExecutorBuilder; SearchStrategy: all) did not find any beans (OnBeanCondition)
      - @ConditionalOnThreading found PLATFORM (OnThreadingCondition)

   TaskExecutorConfigurations.TaskExecutorBuilderConfiguration#taskExecutorBuilder matched:
      - @ConditionalOnMissingBean (types: org.springframework.boot.task.TaskExecutorBuilder; SearchStrategy: all) did not find any beans (OnBeanCondition)

   TaskExecutorConfigurations.TaskExecutorConfiguration matched:
      - @ConditionalOnMissingBean (types: java.util.concurrent.Executor; SearchStrategy: all) did not find any beans (OnBeanCondition)

   TaskExecutorConfigurations.TaskExecutorConfiguration#applicationTaskExecutor matched:
      - @ConditionalOnThreading found PLATFORM (OnThreadingCondition)

   TaskExecutorConfigurations.ThreadPoolTaskExecutorBuilderConfiguration#threadPoolTaskExecutorBuilder matched:
      - @ConditionalOnMissingBean (types: org.springframework.boot.task.TaskExecutorBuilder,org.springframework.boot.task.ThreadPoolTaskExecutorBuilder; SearchStrategy: all) did not find any beans (OnBeanCondition)

   TaskExecutorMetricsAutoConfiguration matched:
      - @ConditionalOnClass found required class 'io.micrometer.core.instrument.binder.jvm.ExecutorServiceMetrics' (OnClassCondition)
      - @ConditionalOnBean (types: java.util.concurrent.Executor,io.micrometer.core.instrument.MeterRegistry; SearchStrategy: all) found beans 'applicationTaskExecutor', 'simpleMeterRegistry', 'taskScheduler' (OnBeanCondition)

   TaskSchedulingAutoConfiguration matched:
      - @ConditionalOnClass found required class 'org.springframework.scheduling.concurrent.ThreadPoolTaskScheduler' (OnClassCondition)

   TaskSchedulingAutoConfiguration#scheduledBeanLazyInitializationExcludeFilter matched:
      - @ConditionalOnBean (names: org.springframework.context.annotation.internalScheduledAnnotationProcessor; SearchStrategy: all) found bean 'org.springframework.context.annotation.internalScheduledAnnotationProcessor' (OnBeanCondition)

   TaskSchedulingConfigurations.SimpleAsyncTaskSchedulerBuilderConfiguration#simpleAsyncTaskSchedulerBuilder matched:
      - @ConditionalOnMissingBean (types: org.springframework.boot.task.SimpleAsyncTaskSchedulerBuilder; SearchStrategy: all) did not find any beans (OnBeanCondition)
      - @ConditionalOnThreading found PLATFORM (OnThreadingCondition)

   TaskSchedulingConfigurations.TaskSchedulerBuilderConfiguration#taskSchedulerBuilder matched:
      - @ConditionalOnMissingBean (types: org.springframework.boot.task.TaskSchedulerBuilder; SearchStrategy: all) did not find any beans (OnBeanCondition)

   TaskSchedulingConfigurations.TaskSchedulerConfiguration matched:
      - @ConditionalOnBean (names: org.springframework.context.annotation.internalScheduledAnnotationProcessor; SearchStrategy: all) found bean 'org.springframework.context.annotation.internalScheduledAnnotationProcessor'; @ConditionalOnMissingBean (types: org.springframework.scheduling.TaskScheduler,java.util.concurrent.ScheduledExecutorService; SearchStrategy: all) did not find any beans (OnBeanCondition)

   TaskSchedulingConfigurations.TaskSchedulerConfiguration#taskScheduler matched:
      - @ConditionalOnThreading found PLATFORM (OnThreadingCondition)

   TaskSchedulingConfigurations.ThreadPoolTaskSchedulerBuilderConfiguration#threadPoolTaskSchedulerBuilder matched:
      - @ConditionalOnMissingBean (types: org.springframework.boot.task.TaskSchedulerBuilder,org.springframework.boot.task.ThreadPoolTaskSchedulerBuilder; SearchStrategy: all) did not find any beans (OnBeanCondition)

   ThreadDumpEndpointAutoConfiguration matched:
      - @ConditionalOnAvailableEndpoint marked as exposed by a 'management.endpoints.web.exposure' property (OnAvailableEndpointCondition)

   ThreadDumpEndpointAutoConfiguration#dumpEndpoint matched:
      - @ConditionalOnMissingBean (types: org.springframework.boot.actuate.management.ThreadDumpEndpoint; SearchStrategy: all) did not find any beans (OnBeanCondition)

   ThreadPoolBulkheadMetricsAutoConfiguration matched:
      - @ConditionalOnClass found required classes 'io.micrometer.core.instrument.MeterRegistry', 'io.github.resilience4j.bulkhead.ThreadPoolBulkhead', 'io.github.resilience4j.micrometer.tagged.TaggedThreadPoolBulkheadMetricsPublisher' (OnClassCondition)
      - @ConditionalOnProperty (resilience4j.thread-pool-bulkhead.metrics.enabled) matched (OnPropertyCondition)

   ThreadPoolBulkheadMetricsAutoConfiguration#taggedThreadPoolBulkheadMetricsPublisher matched:
      - @ConditionalOnProperty (resilience4j.thread-pool-bulkhead.metrics.legacy.enabled=false) matched (OnPropertyCondition)
      - @ConditionalOnBean (types: io.micrometer.core.instrument.MeterRegistry; SearchStrategy: all) found bean 'simpleMeterRegistry'; @ConditionalOnMissingBean (types: io.github.resilience4j.micrometer.tagged.TaggedThreadPoolBulkheadMetricsPublisher; SearchStrategy: all) did not find any beans (OnBeanCondition)

   TimeLimiterAutoConfiguration matched:
      - @ConditionalOnClass found required class 'io.github.resilience4j.timelimiter.TimeLimiter' (OnClassCondition)

   TimeLimiterAutoConfiguration.TimeLimiterAutoEndpointConfiguration matched:
      - @ConditionalOnClass found required class 'org.springframework.boot.actuate.endpoint.annotation.Endpoint' (OnClassCondition)

   TimeLimiterConfigurationOnMissingBean#timeLimiterEventsConsumerRegistry matched:
      - @ConditionalOnMissingBean (types: io.github.resilience4j.timelimiter.event.TimeLimiterEvent; SearchStrategy: all) did not find any beans (OnBeanCondition)

   TimeLimiterMetricsAutoConfiguration matched:
      - @ConditionalOnClass found required classes 'io.micrometer.core.instrument.MeterRegistry', 'io.github.resilience4j.timelimiter.TimeLimiter', 'io.github.resilience4j.micrometer.tagged.TaggedTimeLimiterMetricsPublisher' (OnClassCondition)
      - @ConditionalOnProperty (resilience4j.timelimiter.metrics.enabled) matched (OnPropertyCondition)

   TimeLimiterMetricsAutoConfiguration#taggedTimeLimiterMetricsPublisher matched:
      - @ConditionalOnProperty (resilience4j.timelimiter.metrics.legacy.enabled=false) matched (OnPropertyCondition)
      - @ConditionalOnBean (types: io.micrometer.core.instrument.MeterRegistry; SearchStrategy: all) found bean 'simpleMeterRegistry'; @ConditionalOnMissingBean (types: io.github.resilience4j.micrometer.tagged.TaggedTimeLimiterMetricsPublisher; SearchStrategy: all) did not find any beans (OnBeanCondition)

   TomcatMetricsAutoConfiguration matched:
      - @ConditionalOnClass found required classes 'io.micrometer.core.instrument.binder.tomcat.TomcatMetrics', 'org.apache.catalina.Manager' (OnClassCondition)
      - @ConditionalOnWebApplication (required) found 'session' scope (OnWebApplicationCondition)

   TomcatMetricsAutoConfiguration#tomcatMetricsBinder matched:
      - @ConditionalOnBean (types: io.micrometer.core.instrument.MeterRegistry; SearchStrategy: all) found bean 'simpleMeterRegistry'; @ConditionalOnMissingBean (types: io.micrometer.core.instrument.binder.tomcat.TomcatMetrics,org.springframework.boot.actuate.metrics.web.tomcat.TomcatMetricsBinder; SearchStrategy: all) did not find any beans (OnBeanCondition)

   TransactionAutoConfiguration matched:
      - @ConditionalOnClass found required class 'org.springframework.transaction.PlatformTransactionManager' (OnClassCondition)

   TransactionAutoConfiguration.EnableTransactionManagementConfiguration matched:
      - @ConditionalOnBean (types: org.springframework.transaction.TransactionManager; SearchStrategy: all) found bean 'transactionManager'; @ConditionalOnMissingBean (types: org.springframework.transaction.annotation.AbstractTransactionManagementConfiguration; SearchStrategy: all) did not find any beans (OnBeanCondition)

   TransactionAutoConfiguration.EnableTransactionManagementConfiguration.CglibAutoProxyConfiguration matched:
      - @ConditionalOnProperty (spring.aop.proxy-target-class=true) matched (OnPropertyCondition)

   TransactionAutoConfiguration.TransactionTemplateConfiguration matched:
      - @ConditionalOnSingleCandidate (types: org.springframework.transaction.PlatformTransactionManager; SearchStrategy: all) found a single bean 'transactionManager' (OnBeanCondition)

   TransactionAutoConfiguration.TransactionTemplateConfiguration#transactionTemplate matched:
      - @ConditionalOnMissingBean (types: org.springframework.transaction.support.TransactionOperations; SearchStrategy: all) did not find any beans (OnBeanCondition)

   TransactionManagerCustomizationAutoConfiguration matched:
      - @ConditionalOnClass found required class 'org.springframework.transaction.PlatformTransactionManager' (OnClassCondition)

   TransactionManagerCustomizationAutoConfiguration#platformTransactionManagerCustomizers matched:
      - @ConditionalOnMissingBean (types: org.springframework.boot.autoconfigure.transaction.TransactionManagerCustomizers; SearchStrategy: all) did not find any beans (OnBeanCondition)

   ValidationAutoConfiguration matched:
      - @ConditionalOnClass found required class 'jakarta.validation.executable.ExecutableValidator' (OnClassCondition)
      - @ConditionalOnResource found location classpath:META-INF/services/jakarta.validation.spi.ValidationProvider (OnResourceCondition)

   ValidationAutoConfiguration#defaultValidator matched:
      - @ConditionalOnMissingBean (types: jakarta.validation.Validator; SearchStrategy: all) did not find any beans (OnBeanCondition)

   ValidationAutoConfiguration#methodValidationPostProcessor matched:
      - @ConditionalOnMissingBean (types: org.springframework.validation.beanvalidation.MethodValidationPostProcessor; SearchStrategy: current) did not find any beans (OnBeanCondition)

   WebClientAutoConfiguration matched:
      - @ConditionalOnClass found required class 'org.springframework.web.reactive.function.client.WebClient' (OnClassCondition)

   WebClientAutoConfiguration#webClientBuilder matched:
      - @ConditionalOnMissingBean (types: org.springframework.web.reactive.function.client.WebClient$Builder; SearchStrategy: all) did not find any beans (OnBeanCondition)

   WebClientAutoConfiguration#webClientSsl matched:
      - @ConditionalOnBean (types: org.springframework.boot.ssl.SslBundles; SearchStrategy: all) found bean 'sslBundleRegistry'; @ConditionalOnMissingBean (types: org.springframework.boot.autoconfigure.web.reactive.function.client.WebClientSsl; SearchStrategy: all) did not find any beans (OnBeanCondition)

   WebClientAutoConfiguration.WebClientCodecsConfiguration matched:
      - @ConditionalOnBean (types: org.springframework.boot.web.codec.CodecCustomizer; SearchStrategy: all) found beans 'jacksonCodecCustomizer', 'defaultCodecCustomizer' (OnBeanCondition)

   WebClientAutoConfiguration.WebClientCodecsConfiguration#exchangeStrategiesCustomizer matched:
      - @ConditionalOnMissingBean (types: org.springframework.boot.autoconfigure.web.reactive.function.client.WebClientCodecCustomizer; SearchStrategy: all) did not find any beans (OnBeanCondition)

   WebClientObservationConfiguration matched:
      - @ConditionalOnClass found required class 'org.springframework.web.reactive.function.client.WebClient' (OnClassCondition)

   WebEndpointAutoConfiguration matched:
      - @ConditionalOnWebApplication (required) found 'session' scope (OnWebApplicationCondition)

   WebEndpointAutoConfiguration#controllerEndpointDiscoverer matched:
      - @ConditionalOnMissingBean (types: org.springframework.boot.actuate.endpoint.web.annotation.ControllerEndpointsSupplier; SearchStrategy: all) did not find any beans (OnBeanCondition)

   WebEndpointAutoConfiguration#endpointMediaTypes matched:
      - @ConditionalOnMissingBean (types: org.springframework.boot.actuate.endpoint.web.EndpointMediaTypes; SearchStrategy: all) did not find any beans (OnBeanCondition)

   WebEndpointAutoConfiguration#pathMappedEndpoints matched:
      - @ConditionalOnMissingBean (types: org.springframework.boot.actuate.endpoint.web.PathMappedEndpoints; SearchStrategy: all) did not find any beans (OnBeanCondition)

   WebEndpointAutoConfiguration#webEndpointDiscoverer matched:
      - @ConditionalOnMissingBean (types: org.springframework.boot.actuate.endpoint.web.WebEndpointsSupplier; SearchStrategy: all) did not find any beans (OnBeanCondition)

   WebEndpointAutoConfiguration.WebEndpointServletConfiguration matched:
      - found 'session' scope (OnWebApplicationCondition)

   WebEndpointAutoConfiguration.WebEndpointServletConfiguration#servletEndpointDiscoverer matched:
      - @ConditionalOnMissingBean (types: org.springframework.boot.actuate.endpoint.web.annotation.ServletEndpointsSupplier; SearchStrategy: all) did not find any beans (OnBeanCondition)

   WebMvcAutoConfiguration matched:
      - @ConditionalOnClass found required classes 'jakarta.servlet.Servlet', 'org.springframework.web.servlet.DispatcherServlet', 'org.springframework.web.servlet.config.annotation.WebMvcConfigurer' (OnClassCondition)
      - found 'session' scope (OnWebApplicationCondition)
      - @ConditionalOnMissingBean (types: org.springframework.web.servlet.config.annotation.WebMvcConfigurationSupport; SearchStrategy: all) did not find any beans (OnBeanCondition)

   WebMvcAutoConfiguration#formContentFilter matched:
      - @ConditionalOnProperty (spring.mvc.formcontent.filter.enabled) matched (OnPropertyCondition)
      - @ConditionalOnMissingBean (types: org.springframework.web.filter.FormContentFilter; SearchStrategy: all) did not find any beans (OnBeanCondition)

   WebMvcAutoConfiguration.EnableWebMvcConfiguration#flashMapManager matched:
      - @ConditionalOnMissingBean (names: flashMapManager; SearchStrategy: all) did not find any beans (OnBeanCondition)

   WebMvcAutoConfiguration.EnableWebMvcConfiguration#localeResolver matched:
      - @ConditionalOnMissingBean (names: localeResolver; SearchStrategy: all) did not find any beans (OnBeanCondition)

   WebMvcAutoConfiguration.EnableWebMvcConfiguration#themeResolver matched:
      - @ConditionalOnMissingBean (names: themeResolver; SearchStrategy: all) did not find any beans (OnBeanCondition)

   WebMvcAutoConfiguration.WebMvcAutoConfigurationAdapter#defaultViewResolver matched:
      - @ConditionalOnMissingBean (types: org.springframework.web.servlet.view.InternalResourceViewResolver; SearchStrategy: all) did not find any beans (OnBeanCondition)

   WebMvcAutoConfiguration.WebMvcAutoConfigurationAdapter#requestContextFilter matched:
      - @ConditionalOnMissingBean (types: org.springframework.web.context.request.RequestContextListener,org.springframework.web.filter.RequestContextFilter; SearchStrategy: all) did not find any beans (OnBeanCondition)

   WebMvcAutoConfiguration.WebMvcAutoConfigurationAdapter#viewResolver matched:
      - @ConditionalOnBean (types: org.springframework.web.servlet.ViewResolver; SearchStrategy: all) found beans 'defaultViewResolver', 'beanNameViewResolver', 'mvcViewResolver'; @ConditionalOnMissingBean (names: viewResolver types: org.springframework.web.servlet.view.ContentNegotiatingViewResolver; SearchStrategy: all) did not find any beans (OnBeanCondition)

   WebMvcEndpointManagementContextConfiguration matched:
      - @ConditionalOnClass found required class 'org.springframework.web.servlet.DispatcherServlet' (OnClassCondition)
      - found 'session' scope (OnWebApplicationCondition)
      - @ConditionalOnBean (types: org.springframework.web.servlet.DispatcherServlet,org.springframework.boot.actuate.endpoint.web.WebEndpointsSupplier; SearchStrategy: all) found beans 'webEndpointDiscoverer', 'dispatcherServlet' (OnBeanCondition)

   WebMvcEndpointManagementContextConfiguration#controllerEndpointHandlerMapping matched:
      - @ConditionalOnMissingBean (types: org.springframework.boot.actuate.endpoint.web.servlet.ControllerEndpointHandlerMapping; SearchStrategy: all) did not find any beans (OnBeanCondition)

   WebMvcEndpointManagementContextConfiguration#endpointObjectMapperWebMvcConfigurer matched:
      - @ConditionalOnBean (types: org.springframework.boot.actuate.endpoint.jackson.EndpointObjectMapper; SearchStrategy: all) found bean 'endpointObjectMapper' (OnBeanCondition)

   WebMvcEndpointManagementContextConfiguration#webEndpointServletHandlerMapping matched:
      - @ConditionalOnMissingBean (types: org.springframework.boot.actuate.endpoint.web.servlet.WebMvcEndpointHandlerMapping; SearchStrategy: all) did not find any beans (OnBeanCondition)

   WebMvcObservationAutoConfiguration matched:
      - @ConditionalOnClass found required classes 'org.springframework.web.servlet.DispatcherServlet', 'io.micrometer.observation.Observation' (OnClassCondition)
      - found 'session' scope (OnWebApplicationCondition)
      - @ConditionalOnBean (types: io.micrometer.observation.ObservationRegistry; SearchStrategy: all) found bean 'observationRegistry' (OnBeanCondition)

   WebMvcObservationAutoConfiguration#webMvcObservationFilter matched:
      - @ConditionalOnMissingBean (types: org.springframework.web.filter.ServerHttpObservationFilter; SearchStrategy: all) did not find any beans (OnBeanCondition)

   WebMvcObservationAutoConfiguration.MeterFilterConfiguration matched:
      - @ConditionalOnClass found required class 'io.micrometer.core.instrument.MeterRegistry' (OnClassCondition)
      - @ConditionalOnBean (types: io.micrometer.core.instrument.MeterRegistry; SearchStrategy: all) found bean 'simpleMeterRegistry' (OnBeanCondition)

   WebSocketServletAutoConfiguration matched:
      - @ConditionalOnClass found required classes 'jakarta.servlet.Servlet', 'jakarta.websocket.server.ServerContainer' (OnClassCondition)
      - found 'session' scope (OnWebApplicationCondition)

   WebSocketServletAutoConfiguration.TomcatWebSocketConfiguration matched:
      - @ConditionalOnClass found required classes 'org.apache.catalina.startup.Tomcat', 'org.apache.tomcat.websocket.server.WsSci' (OnClassCondition)

   WebSocketServletAutoConfiguration.TomcatWebSocketConfiguration#websocketServletWebServerCustomizer matched:
      - @ConditionalOnMissingBean (names: websocketServletWebServerCustomizer; SearchStrategy: all) did not find any beans (OnBeanCondition)


Negative matches:
-----------------

   ActiveMQAutoConfiguration:
      Did not match:
         - @ConditionalOnClass did not find required class 'jakarta.jms.ConnectionFactory' (OnClassCondition)

   AopAutoConfiguration.AspectJAutoProxyingConfiguration.JdkDynamicAutoProxyConfiguration:
      Did not match:
         - @ConditionalOnProperty (spring.aop.proxy-target-class=false) did not find property 'proxy-target-class' (OnPropertyCondition)

   AopAutoConfiguration.ClassProxyingConfiguration:
      Did not match:
         - @ConditionalOnMissingClass found unwanted class 'org.aspectj.weaver.Advice' (OnClassCondition)

   AppOpticsMetricsExportAutoConfiguration:
      Did not match:
         - @ConditionalOnClass did not find required class 'io.micrometer.appoptics.AppOpticsMeterRegistry' (OnClassCondition)

   ArtemisAutoConfiguration:
      Did not match:
         - @ConditionalOnClass did not find required class 'jakarta.jms.ConnectionFactory' (OnClassCondition)

   AtlasMetricsExportAutoConfiguration:
      Did not match:
         - @ConditionalOnClass did not find required class 'io.micrometer.atlas.AtlasMeterRegistry' (OnClassCondition)

   AuditAutoConfiguration:
      Did not match:
         - @ConditionalOnBean (types: org.springframework.boot.actuate.audit.AuditEventRepository; SearchStrategy: all) did not find any beans of type org.springframework.boot.actuate.audit.AuditEventRepository (OnBeanCondition)
      Matched:
         - @ConditionalOnProperty (management.auditevents.enabled) matched (OnPropertyCondition)

   AuditEventsEndpointAutoConfiguration:
      Did not match:
         - @ConditionalOnAvailableEndpoint no 'management.endpoints' property marked it as exposed (OnAvailableEndpointCondition)

   AvailabilityHealthContributorAutoConfiguration#livenessStateHealthIndicator:
      Did not match:
         - @ConditionalOnProperty (management.health.livenessstate.enabled=true) did not find property 'enabled' (OnPropertyCondition)

   AvailabilityHealthContributorAutoConfiguration#readinessStateHealthIndicator:
      Did not match:
         - @ConditionalOnProperty (management.health.readinessstate.enabled=true) did not find property 'enabled' (OnPropertyCondition)

   AvailabilityProbesAutoConfiguration:
      Did not match:
         - Probes availability not running on a supported cloud platform (AvailabilityProbesAutoConfiguration.ProbesCondition)

   BatchAutoConfiguration:
      Did not match:
         - @ConditionalOnClass did not find required class 'org.springframework.batch.core.launch.JobLauncher' (OnClassCondition)

   BatchObservationAutoConfiguration:
      Did not match:
         - @ConditionalOnClass did not find required class 'org.springframework.batch.core.configuration.annotation.BatchObservabilityBeanPostProcessor' (OnClassCondition)

   BeansEndpointAutoConfiguration:
      Did not match:
         - @ConditionalOnAvailableEndpoint no 'management.endpoints' property marked it as exposed (OnAvailableEndpointCondition)

   BraveAutoConfiguration:
      Did not match:
         - @ConditionalOnClass did not find required class 'brave.Tracer' (OnClassCondition)

   BulkheadAutoConfiguration.BulkheadEndpointAutoConfiguration#bulkheadEndpoint:
      Did not match:
         - @ConditionalOnAvailableEndpoint no 'management.endpoints' property marked it as exposed (OnAvailableEndpointCondition)

   BulkheadAutoConfiguration.BulkheadEndpointAutoConfiguration#bulkheadEventsEndpoint:
      Did not match:
         - @ConditionalOnAvailableEndpoint no 'management.endpoints' property marked it as exposed (OnAvailableEndpointCondition)

   BulkheadMetricsAutoConfiguration#registerBulkheadMetrics:
      Did not match:
         - @ConditionalOnProperty (resilience4j.bulkhead.metrics.legacy.enabled=true) did not find property 'resilience4j.bulkhead.metrics.legacy.enabled' (OnPropertyCondition)

   Cache2kCacheConfiguration:
      Did not match:
         - @ConditionalOnClass did not find required class 'org.cache2k.Cache2kBuilder' (OnClassCondition)

   CacheAutoConfiguration:
      Did not match:
         - @ConditionalOnMissingBean (names: cacheResolver types: org.springframework.cache.CacheManager; SearchStrategy: all) found beans of type 'org.springframework.cache.CacheManager' cacheManager (OnBeanCondition)
      Matched:
         - @ConditionalOnClass found required class 'org.springframework.cache.CacheManager' (OnClassCondition)

   CacheAutoConfiguration.CacheManagerEntityManagerFactoryDependsOnPostProcessor:
      Did not match:
         - Ancestor org.springframework.boot.autoconfigure.cache.CacheAutoConfiguration did not match (ConditionEvaluationReport.AncestorsMatchedCondition)
      Matched:
         - @ConditionalOnClass found required class 'org.springframework.orm.jpa.LocalContainerEntityManagerFactoryBean' (OnClassCondition)

   CacheMeterBinderProvidersConfiguration.Cache2kCacheMeterBinderProviderConfiguration:
      Did not match:
         - @ConditionalOnClass did not find required classes 'org.cache2k.Cache2kBuilder', 'org.cache2k.extra.spring.SpringCache2kCache', 'org.cache2k.extra.micrometer.Cache2kCacheMetrics' (OnClassCondition)

   CacheMeterBinderProvidersConfiguration.CaffeineCacheMeterBinderProviderConfiguration:
      Did not match:
         - @ConditionalOnClass did not find required class 'com.github.benmanes.caffeine.cache.Cache' (OnClassCondition)

   CacheMeterBinderProvidersConfiguration.HazelcastCacheMeterBinderProviderConfiguration:
      Did not match:
         - @ConditionalOnClass did not find required classes 'com.hazelcast.spring.cache.HazelcastCache', 'com.hazelcast.core.Hazelcast' (OnClassCondition)

   CacheMeterBinderProvidersConfiguration.JCacheCacheMeterBinderProviderConfiguration:
      Did not match:
         - @ConditionalOnClass did not find required class 'javax.cache.CacheManager' (OnClassCondition)

   CachesEndpointAutoConfiguration:
      Did not match:
         - @ConditionalOnAvailableEndpoint no 'management.endpoints' property marked it as exposed (OnAvailableEndpointCondition)
      Matched:
         - @ConditionalOnClass found required class 'org.springframework.cache.CacheManager' (OnClassCondition)

   CaffeineCacheConfiguration:
      Did not match:
         - @ConditionalOnClass did not find required class 'com.github.benmanes.caffeine.cache.Caffeine' (OnClassCondition)

   CassandraAutoConfiguration:
      Did not match:
         - @ConditionalOnClass did not find required class 'com.datastax.oss.driver.api.core.CqlSession' (OnClassCondition)

   CassandraDataAutoConfiguration:
      Did not match:
         - @ConditionalOnClass did not find required class 'com.datastax.oss.driver.api.core.CqlSession' (OnClassCondition)

   CassandraHealthContributorAutoConfiguration:
      Did not match:
         - @ConditionalOnClass did not find required class 'com.datastax.oss.driver.api.core.CqlSession' (OnClassCondition)

   CassandraReactiveDataAutoConfiguration:
      Did not match:
         - @ConditionalOnClass did not find required class 'com.datastax.oss.driver.api.core.CqlSession' (OnClassCondition)

   CassandraReactiveHealthContributorAutoConfiguration:
      Did not match:
         - @ConditionalOnClass did not find required class 'com.datastax.oss.driver.api.core.CqlSession' (OnClassCondition)

   CassandraReactiveRepositoriesAutoConfiguration:
      Did not match:
         - @ConditionalOnClass did not find required class 'org.springframework.data.cassandra.ReactiveSession' (OnClassCondition)

   CassandraRepositoriesAutoConfiguration:
      Did not match:
         - @ConditionalOnClass did not find required class 'com.datastax.oss.driver.api.core.CqlSession' (OnClassCondition)

   CircuitBreakerAutoConfiguration.CircuitBreakerEndpointAutoConfiguration#circuitBreakerEndpoint:
      Did not match:
         - @ConditionalOnAvailableEndpoint no 'management.endpoints' property marked it as exposed (OnAvailableEndpointCondition)

   CircuitBreakerAutoConfiguration.CircuitBreakerEndpointAutoConfiguration#circuitBreakerEventsEndpoint:
      Did not match:
         - @ConditionalOnAvailableEndpoint no 'management.endpoints' property marked it as exposed (OnAvailableEndpointCondition)

   CircuitBreakerMetricsAutoConfiguration#registerCircuitBreakerMetrics:
      Did not match:
         - @ConditionalOnProperty (resilience4j.circuitbreaker.metrics.legacy.enabled=true) did not find property 'resilience4j.circuitbreaker.metrics.legacy.enabled' (OnPropertyCondition)

   CircuitBreakerStreamEventsAutoConfiguration:
      Did not match:
         - @ConditionalOnClass did not find required class 'io.github.resilience4j.reactor.adapter.ReactorAdapter' (OnClassCondition)

   CircuitBreakersHealthIndicatorAutoConfiguration#circuitBreakersHealthIndicator:
      Did not match:
         - @ConditionalOnProperty (management.health.circuitbreakers.enabled) did not find property 'enabled' (OnPropertyCondition)

   ClientHttpConnectorFactoryConfiguration.HttpClient5:
      Did not match:
         - @ConditionalOnClass did not find required classes 'org.apache.hc.client5.http.impl.async.HttpAsyncClients', 'org.apache.hc.core5.http.nio.AsyncRequestProducer', 'org.apache.hc.core5.reactive.ReactiveResponseConsumer' (OnClassCondition)

   ClientHttpConnectorFactoryConfiguration.JdkClient:
      Did not match:
         - @ConditionalOnMissingBean (types: org.springframework.boot.autoconfigure.web.reactive.function.client.ClientHttpConnectorFactory; SearchStrategy: all) found beans of type 'org.springframework.boot.autoconfigure.web.reactive.function.client.ClientHttpConnectorFactory' reactorClientHttpConnectorFactory (OnBeanCondition)
      Matched:
         - @ConditionalOnClass found required class 'java.net.http.HttpClient' (OnClassCondition)

   CloudFoundryActuatorAutoConfiguration:
      Did not match:
         - @ConditionalOnCloudPlatform did not find CLOUD_FOUNDRY (OnCloudPlatformCondition)
      Matched:
         - @ConditionalOnClass found required class 'org.springframework.web.servlet.DispatcherServlet' (OnClassCondition)
         - found 'session' scope (OnWebApplicationCondition)
         - @ConditionalOnProperty (management.cloudfoundry.enabled) matched (OnPropertyCondition)

   CompositeMeterRegistryConfiguration:
      Did not match:
         - NoneNestedConditions 1 matched 1 did not; NestedCondition on CompositeMeterRegistryConfiguration.MultipleNonPrimaryMeterRegistriesCondition.SingleInjectableMeterRegistry @ConditionalOnSingleCandidate (types: io.micrometer.core.instrument.MeterRegistry; SearchStrategy: all) found a single bean 'simpleMeterRegistry'; NestedCondition on CompositeMeterRegistryConfiguration.MultipleNonPrimaryMeterRegistriesCondition.NoMeterRegistryCondition @ConditionalOnMissingBean (types: io.micrometer.core.instrument.MeterRegistry; SearchStrategy: all) found beans of type 'io.micrometer.core.instrument.MeterRegistry' simpleMeterRegistry (CompositeMeterRegistryConfiguration.MultipleNonPrimaryMeterRegistriesCondition)

   ConditionsReportEndpointAutoConfiguration:
      Did not match:
         - @ConditionalOnAvailableEndpoint no 'management.endpoints' property marked it as exposed (OnAvailableEndpointCondition)

   ConfigurationPropertiesReportEndpointAutoConfiguration:
      Did not match:
         - @ConditionalOnAvailableEndpoint no 'management.endpoints' property marked it as exposed (OnAvailableEndpointCondition)

   ConnectionFactoryHealthContributorAutoConfiguration:
      Did not match:
         - @ConditionalOnClass did not find required class 'io.r2dbc.spi.ConnectionFactory' (OnClassCondition)

   ConnectionPoolMetricsAutoConfiguration:
      Did not match:
         - @ConditionalOnClass did not find required class 'io.r2dbc.pool.ConnectionPool' (OnClassCondition)

   ContextAwareScheduledThreadPoolAutoConfiguration:
      Did not match:
         - @ConditionalOnProperty (resilience4j.scheduled.executor.core-pool-size) did not find property 'resilience4j.scheduled.executor.core-pool-size' (OnPropertyCondition)

   CouchbaseAutoConfiguration:
      Did not match:
         - @ConditionalOnClass did not find required class 'com.couchbase.client.java.Cluster' (OnClassCondition)

   CouchbaseCacheConfiguration:
      Did not match:
         - @ConditionalOnClass did not find required class 'com.couchbase.client.java.Cluster' (OnClassCondition)

   CouchbaseDataAutoConfiguration:
      Did not match:
         - @ConditionalOnClass did not find required class 'com.couchbase.client.java.Bucket' (OnClassCondition)

   CouchbaseHealthContributorAutoConfiguration:
      Did not match:
         - @ConditionalOnClass did not find required class 'com.couchbase.client.java.Cluster' (OnClassCondition)

   CouchbaseReactiveDataAutoConfiguration:
      Did not match:
         - @ConditionalOnClass did not find required class 'com.couchbase.client.java.Cluster' (OnClassCondition)

   CouchbaseReactiveHealthContributorAutoConfiguration:
      Did not match:
         - @ConditionalOnClass did not find required class 'com.couchbase.client.java.Cluster' (OnClassCondition)

   CouchbaseReactiveRepositoriesAutoConfiguration:
      Did not match:
         - @ConditionalOnClass did not find required class 'com.couchbase.client.java.Cluster' (OnClassCondition)

   CouchbaseRepositoriesAutoConfiguration:
      Did not match:
         - @ConditionalOnClass did not find required class 'com.couchbase.client.java.Bucket' (OnClassCondition)

   DataSourceAutoConfiguration.EmbeddedDatabaseConfiguration:
      Did not match:
         - EmbeddedDataSource found supported pooled data source (DataSourceAutoConfiguration.EmbeddedDatabaseCondition)

   DataSourceCheckpointRestoreConfiguration:
      Did not match:
         - @ConditionalOnClass did not find required class 'org.crac.Resource' (OnClassCondition)

   DataSourceConfiguration.Dbcp2:
      Did not match:
         - @ConditionalOnClass did not find required class 'org.apache.commons.dbcp2.BasicDataSource' (OnClassCondition)

   DataSourceConfiguration.Generic:
      Did not match:
         - @ConditionalOnProperty (spring.datasource.type) did not find property 'spring.datasource.type' (OnPropertyCondition)

   DataSourceConfiguration.OracleUcp:
      Did not match:
         - @ConditionalOnClass did not find required classes 'oracle.ucp.jdbc.PoolDataSourceImpl', 'oracle.jdbc.OracleConnection' (OnClassCondition)

   DataSourceConfiguration.Tomcat:
      Did not match:
         - @ConditionalOnClass did not find required class 'org.apache.tomcat.jdbc.pool.DataSource' (OnClassCondition)

   DataSourceJmxConfiguration.TomcatDataSourceJmxConfiguration:
      Did not match:
         - @ConditionalOnClass did not find required class 'org.apache.tomcat.jdbc.pool.DataSourceProxy' (OnClassCondition)

   DataSourcePoolMetadataProvidersConfiguration.CommonsDbcp2PoolDataSourceMetadataProviderConfiguration:
      Did not match:
         - @ConditionalOnClass did not find required class 'org.apache.commons.dbcp2.BasicDataSource' (OnClassCondition)

   DataSourcePoolMetadataProvidersConfiguration.OracleUcpPoolDataSourceMetadataProviderConfiguration:
      Did not match:
         - @ConditionalOnClass did not find required classes 'oracle.ucp.jdbc.PoolDataSource', 'oracle.jdbc.OracleConnection' (OnClassCondition)

   DataSourcePoolMetadataProvidersConfiguration.TomcatDataSourcePoolMetadataProviderConfiguration:
      Did not match:
         - @ConditionalOnClass did not find required class 'org.apache.tomcat.jdbc.pool.DataSource' (OnClassCondition)

   DataSourceTransactionManagerAutoConfiguration.JdbcTransactionManagerConfiguration#transactionManager:
      Did not match:
         - @ConditionalOnMissingBean (types: org.springframework.transaction.TransactionManager; SearchStrategy: all) found beans of type 'org.springframework.transaction.TransactionManager' transactionManager (OnBeanCondition)

   DatadogMetricsExportAutoConfiguration:
      Did not match:
         - @ConditionalOnClass did not find required class 'io.micrometer.datadog.DatadogMeterRegistry' (OnClassCondition)

   DispatcherServletAutoConfiguration.DispatcherServletConfiguration#multipartResolver:
      Did not match:
         - @ConditionalOnBean (types: org.springframework.web.multipart.MultipartResolver; SearchStrategy: all) did not find any beans of type org.springframework.web.multipart.MultipartResolver (OnBeanCondition)

   DynatraceMetricsExportAutoConfiguration:
      Did not match:
         - @ConditionalOnClass did not find required class 'io.micrometer.dynatrace.DynatraceMeterRegistry' (OnClassCondition)

   ElasticMetricsExportAutoConfiguration:
      Did not match:
         - @ConditionalOnClass did not find required class 'io.micrometer.elastic.ElasticMeterRegistry' (OnClassCondition)

   ElasticsearchClientAutoConfiguration:
      Did not match:
         - @ConditionalOnClass did not find required class 'co.elastic.clients.elasticsearch.ElasticsearchClient' (OnClassCondition)

   ElasticsearchDataAutoConfiguration:
      Did not match:
         - @ConditionalOnClass did not find required class 'org.springframework.data.elasticsearch.client.elc.ElasticsearchTemplate' (OnClassCondition)

   ElasticsearchReactiveHealthContributorAutoConfiguration:
      Did not match:
         - @ConditionalOnClass did not find required class 'org.springframework.data.elasticsearch.client.elc.ReactiveElasticsearchClient' (OnClassCondition)

   ElasticsearchRepositoriesAutoConfiguration:
      Did not match:
         - @ConditionalOnClass did not find required class 'org.springframework.data.elasticsearch.repository.ElasticsearchRepository' (OnClassCondition)

   ElasticsearchRestClientAutoConfiguration:
      Did not match:
         - @ConditionalOnClass did not find required class 'org.elasticsearch.client.RestClientBuilder' (OnClassCondition)

   ElasticsearchRestHealthContributorAutoConfiguration:
      Did not match:
         - @ConditionalOnClass did not find required class 'org.elasticsearch.client.RestClient' (OnClassCondition)

   EmbeddedLdapAutoConfiguration:
      Did not match:
         - @ConditionalOnClass did not find required class 'com.unboundid.ldap.listener.InMemoryDirectoryServer' (OnClassCondition)

   EmbeddedWebServerFactoryCustomizerAutoConfiguration.JettyWebServerFactoryCustomizerConfiguration:
      Did not match:
         - @ConditionalOnClass did not find required classes 'org.eclipse.jetty.server.Server', 'org.eclipse.jetty.util.Loader', 'org.eclipse.jetty.ee10.webapp.WebAppContext' (OnClassCondition)

   EmbeddedWebServerFactoryCustomizerAutoConfiguration.TomcatWebServerFactoryCustomizerConfiguration#tomcatVirtualThreadsProtocolHandlerCustomizer:
      Did not match:
         - @ConditionalOnThreading did not find VIRTUAL (OnThreadingCondition)

   EmbeddedWebServerFactoryCustomizerAutoConfiguration.UndertowWebServerFactoryCustomizerConfiguration:
      Did not match:
         - @ConditionalOnClass did not find required classes 'io.undertow.Undertow', 'org.xnio.SslClientAuthMode' (OnClassCondition)

   EnvironmentEndpointAutoConfiguration:
      Did not match:
         - @ConditionalOnAvailableEndpoint no 'management.endpoints' property marked it as exposed (OnAvailableEndpointCondition)

   ErrorWebFluxAutoConfiguration:
      Did not match:
         - not a reactive web application (OnWebApplicationCondition)
      Matched:
         - @ConditionalOnClass found required class 'org.springframework.web.reactive.config.WebFluxConfigurer' (OnClassCondition)

   FlywayAutoConfiguration:
      Did not match:
         - @ConditionalOnProperty (spring.flyway.enabled) found different value in property 'enabled' (OnPropertyCondition)
      Matched:
         - @ConditionalOnClass found required class 'org.flywaydb.core.Flyway' (OnClassCondition)

   FlywayEndpointAutoConfiguration:
      Did not match:
         - @ConditionalOnAvailableEndpoint no 'management.endpoints' property marked it as exposed (OnAvailableEndpointCondition)
      Matched:
         - @ConditionalOnClass found required class 'org.flywaydb.core.Flyway' (OnClassCondition)

   FreeMarkerAutoConfiguration:
      Did not match:
         - @ConditionalOnClass did not find required class 'freemarker.template.Configuration' (OnClassCondition)

   GangliaMetricsExportAutoConfiguration:
      Did not match:
         - @ConditionalOnClass did not find required class 'io.micrometer.ganglia.GangliaMeterRegistry' (OnClassCondition)

   GraphQlAutoConfiguration:
      Did not match:
         - @ConditionalOnClass did not find required class 'graphql.GraphQL' (OnClassCondition)

   GraphQlObservationAutoConfiguration:
      Did not match:
         - @ConditionalOnClass did not find required class 'graphql.GraphQL' (OnClassCondition)

   GraphQlQueryByExampleAutoConfiguration:
      Did not match:
         - @ConditionalOnClass did not find required class 'graphql.GraphQL' (OnClassCondition)

   GraphQlQuerydslAutoConfiguration:
      Did not match:
         - @ConditionalOnClass did not find required class 'com.querydsl.core.Query' (OnClassCondition)

   GraphQlRSocketAutoConfiguration:
      Did not match:
         - @ConditionalOnClass did not find required class 'graphql.GraphQL' (OnClassCondition)

   GraphQlReactiveQueryByExampleAutoConfiguration:
      Did not match:
         - @ConditionalOnClass did not find required class 'graphql.GraphQL' (OnClassCondition)

   GraphQlReactiveQuerydslAutoConfiguration:
      Did not match:
         - @ConditionalOnClass did not find required class 'com.querydsl.core.Query' (OnClassCondition)

   GraphQlWebFluxAutoConfiguration:
      Did not match:
         - @ConditionalOnClass did not find required class 'graphql.GraphQL' (OnClassCondition)

   GraphQlWebFluxSecurityAutoConfiguration:
      Did not match:
         - @ConditionalOnClass did not find required class 'graphql.GraphQL' (OnClassCondition)

   GraphQlWebMvcAutoConfiguration:
      Did not match:
         - @ConditionalOnClass did not find required class 'graphql.GraphQL' (OnClassCondition)

   GraphQlWebMvcSecurityAutoConfiguration:
      Did not match:
         - @ConditionalOnClass did not find required class 'graphql.GraphQL' (OnClassCondition)

   GraphiteMetricsExportAutoConfiguration:
      Did not match:
         - @ConditionalOnClass did not find required class 'io.micrometer.graphite.GraphiteMeterRegistry' (OnClassCondition)

   GroovyTemplateAutoConfiguration:
      Did not match:
         - @ConditionalOnClass did not find required class 'groovy.text.markup.MarkupTemplateEngine' (OnClassCondition)

   GsonHttpMessageConvertersConfiguration.GsonHttpMessageConverterConfiguration:
      Did not match:
         - AnyNestedCondition 0 matched 2 did not; NestedCondition on GsonHttpMessageConvertersConfiguration.PreferGsonOrJacksonAndJsonbUnavailableCondition.JacksonJsonbUnavailable NoneNestedConditions 1 matched 1 did not; NestedCondition on GsonHttpMessageConvertersConfiguration.JacksonAndJsonbUnavailableCondition.JsonbPreferred @ConditionalOnProperty (spring.mvc.converters.preferred-json-mapper=jsonb) did not find property 'spring.mvc.converters.preferred-json-mapper'; NestedCondition on GsonHttpMessageConvertersConfiguration.JacksonAndJsonbUnavailableCondition.JacksonAvailable @ConditionalOnBean (types: org.springframework.http.converter.json.MappingJackson2HttpMessageConverter; SearchStrategy: all) found bean 'mappingJackson2HttpMessageConverter'; NestedCondition on GsonHttpMessageConvertersConfiguration.PreferGsonOrJacksonAndJsonbUnavailableCondition.GsonPreferred @ConditionalOnProperty (spring.mvc.converters.preferred-json-mapper=gson) did not find property 'spring.mvc.converters.preferred-json-mapper' (GsonHttpMessageConvertersConfiguration.PreferGsonOrJacksonAndJsonbUnavailableCondition)

   H2ConsoleAutoConfiguration:
      Did not match:
         - @ConditionalOnClass did not find required class 'org.h2.server.web.JakartaWebServlet' (OnClassCondition)

   HazelcastAutoConfiguration:
      Did not match:
         - @ConditionalOnClass did not find required class 'com.hazelcast.core.HazelcastInstance' (OnClassCondition)

   HazelcastCacheConfiguration:
      Did not match:
         - @ConditionalOnClass did not find required class 'com.hazelcast.core.HazelcastInstance' (OnClassCondition)

   HazelcastHealthContributorAutoConfiguration:
      Did not match:
         - @ConditionalOnClass did not find required class 'com.hazelcast.core.HazelcastInstance' (OnClassCondition)

   HazelcastJpaDependencyAutoConfiguration:
      Did not match:
         - @ConditionalOnClass did not find required class 'com.hazelcast.core.HazelcastInstance' (OnClassCondition)

   HealthEndpointReactiveWebExtensionConfiguration:
      Did not match:
         - not a reactive web application (OnWebApplicationCondition)

   HealthEndpointWebExtensionConfiguration.JerseyAdditionalHealthEndpointPathsConfiguration:
      Did not match:
         - @ConditionalOnClass did not find required class 'org.glassfish.jersey.server.ResourceConfig' (OnClassCondition)

   HeapDumpWebEndpointAutoConfiguration:
      Did not match:
         - @ConditionalOnAvailableEndpoint no 'management.endpoints' property marked it as exposed (OnAvailableEndpointCondition)

   HibernateMetricsAutoConfiguration:
      Did not match:
         - @ConditionalOnClass did not find required class 'org.hibernate.stat.HibernateMetrics' (OnClassCondition)

   HttpExchangesAutoConfiguration:
      Did not match:
         - @ConditionalOnBean (types: org.springframework.boot.actuate.web.exchanges.HttpExchangeRepository; SearchStrategy: all) did not find any beans of type org.springframework.boot.actuate.web.exchanges.HttpExchangeRepository (OnBeanCondition)
      Matched:
         - @ConditionalOnWebApplication (required) found 'session' scope (OnWebApplicationCondition)
         - @ConditionalOnProperty (management.httpexchanges.recording.enabled) matched (OnPropertyCondition)

   HttpExchangesAutoConfiguration.ReactiveHttpExchangesConfiguration:
      Did not match:
         - not a reactive web application (OnWebApplicationCondition)
         - Ancestor org.springframework.boot.actuate.autoconfigure.web.exchanges.HttpExchangesAutoConfiguration did not match (ConditionEvaluationReport.AncestorsMatchedCondition)

   HttpExchangesAutoConfiguration.ServletHttpExchangesConfiguration:
      Did not match:
         - Ancestor org.springframework.boot.actuate.autoconfigure.web.exchanges.HttpExchangesAutoConfiguration did not match (ConditionEvaluationReport.AncestorsMatchedCondition)
      Matched:
         - found 'session' scope (OnWebApplicationCondition)

   HttpExchangesEndpointAutoConfiguration:
      Did not match:
         - @ConditionalOnAvailableEndpoint no 'management.endpoints' property marked it as exposed (OnAvailableEndpointCondition)

   HttpHandlerAutoConfiguration:
      Did not match:
         - not a reactive web application (OnWebApplicationCondition)
      Matched:
         - @ConditionalOnClass found required classes 'org.springframework.web.reactive.DispatcherHandler', 'org.springframework.http.server.reactive.HttpHandler' (OnClassCondition)

   HumioMetricsExportAutoConfiguration:
      Did not match:
         - @ConditionalOnClass did not find required class 'io.micrometer.humio.HumioMeterRegistry' (OnClassCondition)

   HypermediaAutoConfiguration:
      Did not match:
         - @ConditionalOnClass did not find required class 'org.springframework.hateoas.EntityModel' (OnClassCondition)

   InfinispanCacheConfiguration:
      Did not match:
         - @ConditionalOnClass did not find required class 'org.infinispan.spring.embedded.provider.SpringEmbeddedCacheManager' (OnClassCondition)

   InfluxDbAutoConfiguration:
      Did not match:
         - @ConditionalOnClass did not find required class 'org.influxdb.InfluxDB' (OnClassCondition)

   InfluxDbHealthContributorAutoConfiguration:
      Did not match:
         - @ConditionalOnClass did not find required class 'org.influxdb.InfluxDB' (OnClassCondition)

   InfluxMetricsExportAutoConfiguration:
      Did not match:
         - @ConditionalOnClass did not find required class 'io.micrometer.influx.InfluxMeterRegistry' (OnClassCondition)

   InfoContributorAutoConfiguration#buildInfoContributor:
      Did not match:
         - @ConditionalOnSingleCandidate (types: org.springframework.boot.info.BuildProperties; SearchStrategy: all) did not find any beans (OnBeanCondition)
      Matched:
         - @ConditionalOnEnabledInfoContributor management.info.defaults.enabled is considered true (OnEnabledInfoContributorCondition)

   InfoContributorAutoConfiguration#envInfoContributor:
      Did not match:
         - @ConditionalOnEnabledInfoContributor management.info.env.enabled is not true (OnEnabledInfoContributorCondition)

   InfoContributorAutoConfiguration#gitInfoContributor:
      Did not match:
         - @ConditionalOnSingleCandidate (types: org.springframework.boot.info.GitProperties; SearchStrategy: all) did not find any beans (OnBeanCondition)
      Matched:
         - @ConditionalOnEnabledInfoContributor management.info.defaults.enabled is considered true (OnEnabledInfoContributorCondition)

   InfoContributorAutoConfiguration#javaInfoContributor:
      Did not match:
         - @ConditionalOnEnabledInfoContributor management.info.java.enabled is not true (OnEnabledInfoContributorCondition)

   InfoContributorAutoConfiguration#osInfoContributor:
      Did not match:
         - @ConditionalOnEnabledInfoContributor management.info.os.enabled is not true (OnEnabledInfoContributorCondition)

   InfoContributorAutoConfiguration#processInfoContributor:
      Did not match:
         - @ConditionalOnEnabledInfoContributor management.info.process.enabled is not true (OnEnabledInfoContributorCondition)

   IntegrationAutoConfiguration:
      Did not match:
         - @ConditionalOnClass did not find required class 'org.springframework.integration.config.EnableIntegration' (OnClassCondition)

   IntegrationGraphEndpointAutoConfiguration:
      Did not match:
         - @ConditionalOnClass did not find required class 'org.springframework.integration.graph.IntegrationGraphServer' (OnClassCondition)

   JCacheCacheConfiguration:
      Did not match:
         - @ConditionalOnClass did not find required class 'javax.cache.Caching' (OnClassCondition)

   JacksonHttpMessageConvertersConfiguration.MappingJackson2XmlHttpMessageConverterConfiguration:
      Did not match:
         - @ConditionalOnClass did not find required class 'com.fasterxml.jackson.dataformat.xml.XmlMapper' (OnClassCondition)

   JdbcRepositoriesAutoConfiguration:
      Did not match:
         - @ConditionalOnClass did not find required class 'org.springframework.data.jdbc.repository.config.AbstractJdbcConfiguration' (OnClassCondition)

   JedisConnectionConfiguration:
      Did not match:
         - @ConditionalOnClass did not find required classes 'org.apache.commons.pool2.impl.GenericObjectPool', 'redis.clients.jedis.Jedis' (OnClassCondition)

   JerseyAutoConfiguration:
      Did not match:
         - @ConditionalOnClass did not find required class 'org.glassfish.jersey.server.spring.SpringComponentProvider' (OnClassCondition)

   JerseySameManagementContextConfiguration:
      Did not match:
         - @ConditionalOnClass did not find required class 'org.glassfish.jersey.server.ResourceConfig' (OnClassCondition)

   JerseyServerMetricsAutoConfiguration:
      Did not match:
         - @ConditionalOnClass did not find required class 'org.glassfish.jersey.micrometer.server.ObservationApplicationEventListener' (OnClassCondition)

   JerseyWebEndpointManagementContextConfiguration:
      Did not match:
         - @ConditionalOnClass did not find required class 'org.glassfish.jersey.server.ResourceConfig' (OnClassCondition)

   JettyMetricsAutoConfiguration:
      Did not match:
         - @ConditionalOnClass did not find required class 'org.eclipse.jetty.server.Server' (OnClassCondition)

   JmsAutoConfiguration:
      Did not match:
         - @ConditionalOnClass did not find required class 'jakarta.jms.Message' (OnClassCondition)

   JmsHealthContributorAutoConfiguration:
      Did not match:
         - @ConditionalOnClass did not find required class 'jakarta.jms.ConnectionFactory' (OnClassCondition)

   JmxAutoConfiguration:
      Did not match:
         - @ConditionalOnProperty (spring.jmx.enabled=true) did not find property 'enabled' (OnPropertyCondition)
      Matched:
         - @ConditionalOnClass found required class 'org.springframework.jmx.export.MBeanExporter' (OnClassCondition)

   JmxEndpointAutoConfiguration:
      Did not match:
         - @ConditionalOnProperty (spring.jmx.enabled=true) did not find property 'enabled' (OnPropertyCondition)

   JmxMetricsExportAutoConfiguration:
      Did not match:
         - @ConditionalOnClass did not find required class 'io.micrometer.jmx.JmxMeterRegistry' (OnClassCondition)

   JndiConnectionFactoryAutoConfiguration:
      Did not match:
         - @ConditionalOnClass did not find required class 'org.springframework.jms.core.JmsTemplate' (OnClassCondition)

   JndiDataSourceAutoConfiguration:
      Did not match:
         - @ConditionalOnProperty (spring.datasource.jndi-name) did not find property 'jndi-name' (OnPropertyCondition)
      Matched:
         - @ConditionalOnClass found required classes 'javax.sql.DataSource', 'org.springframework.jdbc.datasource.embedded.EmbeddedDatabaseType' (OnClassCondition)

   JndiJtaConfiguration:
      Did not match:
         - @ConditionalOnJndi JNDI environment is not available (OnJndiCondition)
      Matched:
         - @ConditionalOnClass found required class 'org.springframework.transaction.jta.JtaTransactionManager' (OnClassCondition)

   JooqAutoConfiguration:
      Did not match:
         - @ConditionalOnClass did not find required class 'org.jooq.DSLContext' (OnClassCondition)

   JpaBaseConfiguration.JpaWebConfiguration:
      Did not match:
         - @ConditionalOnProperty (spring.jpa.open-in-view=true) found different value in property 'open-in-view' (OnPropertyCondition)
      Matched:
         - @ConditionalOnClass found required class 'org.springframework.web.servlet.config.annotation.WebMvcConfigurer' (OnClassCondition)
         - found 'session' scope (OnWebApplicationCondition)

   JpaRepositoriesAutoConfiguration#entityManagerFactoryBootstrapExecutorCustomizer:
      Did not match:
         - AnyNestedCondition 0 matched 2 did not; NestedCondition on JpaRepositoriesAutoConfiguration.BootstrapExecutorCondition.LazyBootstrapMode @ConditionalOnProperty (spring.data.jpa.repositories.bootstrap-mode=lazy) did not find property 'bootstrap-mode'; NestedCondition on JpaRepositoriesAutoConfiguration.BootstrapExecutorCondition.DeferredBootstrapMode @ConditionalOnProperty (spring.data.jpa.repositories.bootstrap-mode=deferred) did not find property 'bootstrap-mode' (JpaRepositoriesAutoConfiguration.BootstrapExecutorCondition)

   JsonbAutoConfiguration:
      Did not match:
         - @ConditionalOnClass did not find required class 'jakarta.json.bind.Jsonb' (OnClassCondition)

   JsonbHttpMessageConvertersConfiguration:
      Did not match:
         - @ConditionalOnClass did not find required class 'jakarta.json.bind.Jsonb' (OnClassCondition)

   KafkaAutoConfiguration:
      Did not match:
         - @ConditionalOnClass did not find required class 'org.springframework.kafka.core.KafkaTemplate' (OnClassCondition)

   KafkaMetricsAutoConfiguration:
      Did not match:
         - @ConditionalOnClass did not find required class 'org.springframework.kafka.core.ProducerFactory' (OnClassCondition)

   KairosMetricsExportAutoConfiguration:
      Did not match:
         - @ConditionalOnClass did not find required class 'io.micrometer.kairos.KairosMeterRegistry' (OnClassCondition)

   LdapAutoConfiguration:
      Did not match:
         - @ConditionalOnClass did not find required class 'org.springframework.ldap.core.ContextSource' (OnClassCondition)

   LdapHealthContributorAutoConfiguration:
      Did not match:
         - @ConditionalOnClass did not find required class 'org.springframework.ldap.core.LdapOperations' (OnClassCondition)

   LdapRepositoriesAutoConfiguration:
      Did not match:
         - @ConditionalOnClass did not find required class 'org.springframework.data.ldap.repository.LdapRepository' (OnClassCondition)

   LettuceConnectionConfiguration#redisConnectionFactoryVirtualThreads:
      Did not match:
         - @ConditionalOnMissingBean (types: org.springframework.data.redis.connection.RedisConnectionFactory; SearchStrategy: all) found beans of type 'org.springframework.data.redis.connection.RedisConnectionFactory' redisConnectionFactory (OnBeanCondition)

   LiquibaseAutoConfiguration:
      Did not match:
         - @ConditionalOnClass did not find required class 'liquibase.change.DatabaseChange' (OnClassCondition)

   LiquibaseEndpointAutoConfiguration:
      Did not match:
         - @ConditionalOnClass did not find required class 'liquibase.integration.spring.SpringLiquibase' (OnClassCondition)

   Log4J2MetricsAutoConfiguration:
      Did not match:
         - @ConditionalOnClass did not find required class 'org.apache.logging.log4j.core.LoggerContext' (OnClassCondition)

   LogFileWebEndpointAutoConfiguration:
      Did not match:
         - @ConditionalOnAvailableEndpoint no 'management.endpoints' property marked it as exposed (OnAvailableEndpointCondition)

   LoggersEndpointAutoConfiguration:
      Did not match:
         - @ConditionalOnAvailableEndpoint no 'management.endpoints' property marked it as exposed (OnAvailableEndpointCondition)

   MailHealthContributorAutoConfiguration:
      Did not match:
         - @ConditionalOnBean (types: org.springframework.mail.javamail.JavaMailSenderImpl; SearchStrategy: all) did not find any beans of type org.springframework.mail.javamail.JavaMailSenderImpl (OnBeanCondition)
      Matched:
         - @ConditionalOnClass found required class 'org.springframework.mail.javamail.JavaMailSenderImpl' (OnClassCondition)
         - @ConditionalOnEnabledHealthIndicator management.health.defaults.enabled is considered true (OnEnabledHealthIndicatorCondition)

   MailSenderAutoConfiguration:
      Did not match:
         - @ConditionalOnClass did not find required class 'jakarta.mail.internet.MimeMessage' (OnClassCondition)

   MailSenderValidatorAutoConfiguration:
      Did not match:
         - @ConditionalOnProperty (spring.mail.test-connection) did not find property 'test-connection' (OnPropertyCondition)

   ManagementContextAutoConfiguration.DifferentManagementContextConfiguration:
      Did not match:
         - Management Port actual port type (SAME) did not match required type (DIFFERENT) (OnManagementPortCondition)

   ManagementWebSecurityAutoConfiguration:
      Did not match:
         - AllNestedConditions 1 matched 1 did not; NestedCondition on DefaultWebSecurityCondition.Beans @ConditionalOnMissingBean (types: org.springframework.security.web.SecurityFilterChain; SearchStrategy: all) found beans of type 'org.springframework.security.web.SecurityFilterChain' filterChain; NestedCondition on DefaultWebSecurityCondition.Classes @ConditionalOnClass found required classes 'org.springframework.security.web.SecurityFilterChain', 'org.springframework.security.config.annotation.web.builders.HttpSecurity' (DefaultWebSecurityCondition)
      Matched:
         - found 'session' scope (OnWebApplicationCondition)

   MappingsEndpointAutoConfiguration:
      Did not match:
         - @ConditionalOnAvailableEndpoint no 'management.endpoints' property marked it as exposed (OnAvailableEndpointCondition)

   MessageSourceAutoConfiguration:
      Did not match:
         - ResourceBundle did not find bundle with basename messages (MessageSourceAutoConfiguration.ResourceBundleCondition)

   MetricsAspectsAutoConfiguration:
      Did not match:
         - AnyNestedCondition 0 matched 2 did not; NestedCondition on MetricsAspectsAutoConfiguration.ObservationAnnotationsEnabledCondition.ManagementObservationsEnabledCondition @ConditionalOnProperty (management.observations.annotations.enabled=true) did not find property 'enabled'; NestedCondition on MetricsAspectsAutoConfiguration.ObservationAnnotationsEnabledCondition.MicrometerObservationsEnabledCondition @ConditionalOnProperty (micrometer.observations.annotations.enabled=true) did not find property 'enabled' (MetricsAspectsAutoConfiguration.ObservationAnnotationsEnabledCondition)
      Matched:
         - @ConditionalOnClass found required classes 'io.micrometer.core.instrument.MeterRegistry', 'org.aspectj.weaver.Advice' (OnClassCondition)

   MicrometerTracingAutoConfiguration:
      Did not match:
         - @ConditionalOnClass did not find required class 'io.micrometer.tracing.Tracer' (OnClassCondition)

   MongoAutoConfiguration:
      Did not match:
         - @ConditionalOnClass did not find required class 'com.mongodb.client.MongoClient' (OnClassCondition)

   MongoDataAutoConfiguration:
      Did not match:
         - @ConditionalOnClass did not find required class 'com.mongodb.client.MongoClient' (OnClassCondition)

   MongoHealthContributorAutoConfiguration:
      Did not match:
         - @ConditionalOnClass did not find required class 'org.springframework.data.mongodb.core.MongoTemplate' (OnClassCondition)

   MongoMetricsAutoConfiguration:
      Did not match:
         - @ConditionalOnClass did not find required class 'com.mongodb.MongoClientSettings' (OnClassCondition)

   MongoReactiveAutoConfiguration:
      Did not match:
         - @ConditionalOnClass did not find required class 'com.mongodb.reactivestreams.client.MongoClient' (OnClassCondition)

   MongoReactiveDataAutoConfiguration:
      Did not match:
         - @ConditionalOnClass did not find required class 'com.mongodb.reactivestreams.client.MongoClient' (OnClassCondition)

   MongoReactiveHealthContributorAutoConfiguration:
      Did not match:
         - @ConditionalOnClass did not find required class 'org.springframework.data.mongodb.core.ReactiveMongoTemplate' (OnClassCondition)

   MongoReactiveRepositoriesAutoConfiguration:
      Did not match:
         - @ConditionalOnClass did not find required class 'com.mongodb.reactivestreams.client.MongoClient' (OnClassCondition)

   MongoRepositoriesAutoConfiguration:
      Did not match:
         - @ConditionalOnClass did not find required class 'com.mongodb.client.MongoClient' (OnClassCondition)

   MustacheAutoConfiguration:
      Did not match:
         - @ConditionalOnClass did not find required class 'com.samskivert.mustache.Mustache' (OnClassCondition)

   Neo4jAutoConfiguration:
      Did not match:
         - @ConditionalOnClass did not find required class 'org.neo4j.driver.Driver' (OnClassCondition)

   Neo4jDataAutoConfiguration:
      Did not match:
         - @ConditionalOnClass did not find required class 'org.neo4j.driver.Driver' (OnClassCondition)

   Neo4jHealthContributorAutoConfiguration:
      Did not match:
         - @ConditionalOnClass did not find required class 'org.neo4j.driver.Driver' (OnClassCondition)

   Neo4jReactiveDataAutoConfiguration:
      Did not match:
         - @ConditionalOnClass did not find required class 'org.neo4j.driver.Driver' (OnClassCondition)

   Neo4jReactiveRepositoriesAutoConfiguration:
      Did not match:
         - @ConditionalOnClass did not find required class 'org.neo4j.driver.Driver' (OnClassCondition)

   Neo4jRepositoriesAutoConfiguration:
      Did not match:
         - @ConditionalOnClass did not find required class 'org.neo4j.driver.Driver' (OnClassCondition)

   NewRelicMetricsExportAutoConfiguration:
      Did not match:
         - @ConditionalOnClass did not find required class 'io.micrometer.newrelic.NewRelicMeterRegistry' (OnClassCondition)

   NoOpMeterRegistryConfiguration:
      Did not match:
         - @ConditionalOnMissingBean (types: io.micrometer.core.instrument.MeterRegistry; SearchStrategy: all) found beans of type 'io.micrometer.core.instrument.MeterRegistry' simpleMeterRegistry (OnBeanCondition)

   NoopTracerAutoConfiguration:
      Did not match:
         - @ConditionalOnClass did not find required class 'io.micrometer.tracing.Tracer' (OnClassCondition)

   OAuth2AuthorizationServerAutoConfiguration:
      Did not match:
         - @ConditionalOnClass did not find required class 'org.springframework.security.oauth2.server.authorization.OAuth2Authorization' (OnClassCondition)

   OAuth2AuthorizationServerJwtAutoConfiguration:
      Did not match:
         - @ConditionalOnClass did not find required class 'org.springframework.security.oauth2.server.authorization.OAuth2Authorization' (OnClassCondition)

   OAuth2ClientRegistrationRepositoryConfiguration:
      Did not match:
         - OAuth2 Clients Configured Condition registered clients is not available (ClientsConfiguredCondition)

   OAuth2ResourceServerAutoConfiguration:
      Did not match:
         - @ConditionalOnClass did not find required class 'org.springframework.security.oauth2.server.resource.authentication.BearerTokenAuthenticationToken' (OnClassCondition)

   OAuth2WebSecurityConfiguration:
      Did not match:
         - @ConditionalOnBean (types: org.springframework.security.oauth2.client.registration.ClientRegistrationRepository; SearchStrategy: all) did not find any beans of type org.springframework.security.oauth2.client.registration.ClientRegistrationRepository (OnBeanCondition)

   ObservationAutoConfiguration.MeterObservationHandlerConfiguration.TracingAndMetricsObservationHandlerConfiguration:
      Did not match:
         - @ConditionalOnBean did not find required type 'io.micrometer.tracing.Tracer' (OnBeanCondition)
         - @ConditionalOnBean (types: io.micrometer.tracing.Tracer; SearchStrategy: all) did not find any beans of type io.micrometer.tracing.Tracer (OnBeanCondition)

   ObservationAutoConfiguration.MetricsWithTracingConfiguration:
      Did not match:
         - @ConditionalOnClass did not find required class 'io.micrometer.tracing.Tracer' (OnClassCondition)

   ObservationAutoConfiguration.OnlyTracingConfiguration:
      Did not match:
         - @ConditionalOnClass did not find required class 'io.micrometer.tracing.Tracer' (OnClassCondition)

   org.springframework.boot.actuate.autoconfigure.opentelemetry.OpenTelemetryAutoConfiguration:
      Did not match:
         - @ConditionalOnClass did not find required class 'io.opentelemetry.sdk.OpenTelemetrySdk' (OnClassCondition)

   org.springframework.boot.actuate.autoconfigure.tracing.OpenTelemetryAutoConfiguration:
      Did not match:
         - @ConditionalOnClass did not find required class 'io.micrometer.tracing.otel.bridge.OtelTracer' (OnClassCondition)

   OtlpAutoConfiguration:
      Did not match:
         - @ConditionalOnClass did not find required class 'io.micrometer.tracing.otel.bridge.OtelTracer' (OnClassCondition)

   OtlpMetricsExportAutoConfiguration:
      Did not match:
         - @ConditionalOnClass did not find required class 'io.micrometer.registry.otlp.OtlpMeterRegistry' (OnClassCondition)

   ProjectInfoAutoConfiguration#buildProperties:
      Did not match:
         - @ConditionalOnResource did not find resource '${spring.info.build.location:classpath:META-INF/build-info.properties}' (OnResourceCondition)

   ProjectInfoAutoConfiguration#gitProperties:
      Did not match:
         - GitResource did not find git info at classpath:git.properties (ProjectInfoAutoConfiguration.GitResourceAvailableCondition)

   PrometheusExemplarsAutoConfiguration:
      Did not match:
         - @ConditionalOnClass did not find required class 'io.micrometer.tracing.Tracer' (OnClassCondition)

   PrometheusMetricsExportAutoConfiguration:
      Did not match:
         - @ConditionalOnClass did not find required class 'io.micrometer.prometheusmetrics.PrometheusMeterRegistry' (OnClassCondition)

   PrometheusSimpleclientExemplarsAutoConfiguration:
      Did not match:
         - @ConditionalOnClass did not find required class 'io.micrometer.tracing.Tracer' (OnClassCondition)

   PrometheusSimpleclientMetricsExportAutoConfiguration:
      Did not match:
         - @ConditionalOnClass did not find required class 'io.micrometer.prometheus.PrometheusMeterRegistry' (OnClassCondition)

   PulsarAutoConfiguration:
      Did not match:
         - @ConditionalOnClass did not find required class 'org.apache.pulsar.client.api.PulsarClient' (OnClassCondition)

   PulsarReactiveAutoConfiguration:
      Did not match:
         - @ConditionalOnClass did not find required class 'org.apache.pulsar.client.api.PulsarClient' (OnClassCondition)

   QuartzAutoConfiguration:
      Did not match:
         - @ConditionalOnClass did not find required class 'org.quartz.Scheduler' (OnClassCondition)

   QuartzEndpointAutoConfiguration:
      Did not match:
         - @ConditionalOnClass did not find required class 'org.quartz.Scheduler' (OnClassCondition)

   R2dbcAutoConfiguration:
      Did not match:
         - @ConditionalOnClass did not find required class 'io.r2dbc.spi.ConnectionFactory' (OnClassCondition)

   R2dbcDataAutoConfiguration:
      Did not match:
         - @ConditionalOnClass did not find required class 'org.springframework.data.r2dbc.core.R2dbcEntityTemplate' (OnClassCondition)

   R2dbcInitializationConfiguration:
      Did not match:
         - @ConditionalOnClass did not find required classes 'io.r2dbc.spi.ConnectionFactory', 'org.springframework.r2dbc.connection.init.DatabasePopulator' (OnClassCondition)

   R2dbcObservationAutoConfiguration:
      Did not match:
         - @ConditionalOnClass did not find required class 'io.r2dbc.proxy.ProxyConnectionFactory' (OnClassCondition)

   R2dbcRepositoriesAutoConfiguration:
      Did not match:
         - @ConditionalOnClass did not find required class 'io.r2dbc.spi.ConnectionFactory' (OnClassCondition)

   R2dbcTransactionManagerAutoConfiguration:
      Did not match:
         - @ConditionalOnClass did not find required class 'org.springframework.r2dbc.connection.R2dbcTransactionManager' (OnClassCondition)

   RSocketGraphQlClientAutoConfiguration:
      Did not match:
         - @ConditionalOnClass did not find required class 'graphql.GraphQL' (OnClassCondition)

   RSocketMessagingAutoConfiguration:
      Did not match:
         - @ConditionalOnClass did not find required class 'io.rsocket.RSocket' (OnClassCondition)

   RSocketRequesterAutoConfiguration:
      Did not match:
         - @ConditionalOnClass did not find required class 'io.rsocket.RSocket' (OnClassCondition)

   RSocketSecurityAutoConfiguration:
      Did not match:
         - @ConditionalOnClass did not find required class 'org.springframework.security.rsocket.core.SecuritySocketAcceptorInterceptor' (OnClassCondition)

   RSocketServerAutoConfiguration:
      Did not match:
         - @ConditionalOnClass did not find required class 'io.rsocket.core.RSocketServer' (OnClassCondition)

   RSocketStrategiesAutoConfiguration:
      Did not match:
         - @ConditionalOnClass did not find required class 'io.rsocket.RSocket' (OnClassCondition)

   RabbitAutoConfiguration:
      Did not match:
         - @ConditionalOnClass did not find required class 'com.rabbitmq.client.Channel' (OnClassCondition)

   RabbitHealthContributorAutoConfiguration:
      Did not match:
         - @ConditionalOnClass did not find required class 'org.springframework.amqp.rabbit.core.RabbitTemplate' (OnClassCondition)

   RabbitMetricsAutoConfiguration:
      Did not match:
         - @ConditionalOnClass did not find required class 'com.rabbitmq.client.ConnectionFactory' (OnClassCondition)

   RateLimiterAutoConfiguration.RateLimiterEndpointAutoConfiguration#rateLimiterEndpoint:
      Did not match:
         - @ConditionalOnAvailableEndpoint no 'management.endpoints' property marked it as exposed (OnAvailableEndpointCondition)

   RateLimiterAutoConfiguration.RateLimiterEndpointAutoConfiguration#rateLimiterEventsEndpoint:
      Did not match:
         - @ConditionalOnAvailableEndpoint no 'management.endpoints' property marked it as exposed (OnAvailableEndpointCondition)

   RateLimiterMetricsAutoConfiguration#registerRateLimiterMetrics:
      Did not match:
         - @ConditionalOnProperty (resilience4j.ratelimiter.metrics.legacy.enabled=true) did not find property 'resilience4j.ratelimiter.metrics.legacy.enabled' (OnPropertyCondition)

   RateLimitersHealthIndicatorAutoConfiguration#rateLimitersHealthIndicator:
      Did not match:
         - @ConditionalOnProperty (management.health.ratelimiters.enabled) did not find property 'enabled' (OnPropertyCondition)

   ReactiveCloudFoundryActuatorAutoConfiguration:
      Did not match:
         - not a reactive web application (OnWebApplicationCondition)

   ReactiveElasticsearchClientAutoConfiguration:
      Did not match:
         - @ConditionalOnClass did not find required class 'co.elastic.clients.transport.ElasticsearchTransport' (OnClassCondition)

   ReactiveElasticsearchRepositoriesAutoConfiguration:
      Did not match:
         - @ConditionalOnClass did not find required class 'org.springframework.data.elasticsearch.client.elc.ReactiveElasticsearchClient' (OnClassCondition)

   ReactiveManagementContextAutoConfiguration:
      Did not match:
         - not a reactive web application (OnWebApplicationCondition)
      Matched:
         - @ConditionalOnClass found required class 'reactor.core.publisher.Flux' (OnClassCondition)

   ReactiveManagementWebSecurityAutoConfiguration:
      Did not match:
         - not a reactive web application (OnWebApplicationCondition)
      Matched:
         - @ConditionalOnClass found required classes 'org.springframework.security.config.annotation.web.reactive.EnableWebFluxSecurity', 'org.springframework.security.web.server.WebFilterChainProxy' (OnClassCondition)

   ReactiveMultipartAutoConfiguration:
      Did not match:
         - not a reactive web application (OnWebApplicationCondition)
      Matched:
         - @ConditionalOnClass found required classes 'org.springframework.http.codec.multipart.DefaultPartHttpMessageReader', 'org.springframework.web.reactive.config.WebFluxConfigurer' (OnClassCondition)

   ReactiveOAuth2ClientAutoConfiguration:
      Did not match:
         - NoneNestedConditions 1 matched 0 did not; NestedCondition on ReactiveOAuth2ClientAutoConfiguration.NonServletApplicationCondition.ServletApplicationCondition found 'session' scope (ReactiveOAuth2ClientAutoConfiguration.NonServletApplicationCondition)
      Matched:
         - @ConditionalOnClass found required classes 'reactor.core.publisher.Flux', 'org.springframework.security.config.annotation.web.reactive.EnableWebFluxSecurity', 'org.springframework.security.oauth2.client.registration.ClientRegistration' (OnClassCondition)

   ReactiveOAuth2ResourceServerAutoConfiguration:
      Did not match:
         - not a reactive web application (OnWebApplicationCondition)
      Matched:
         - @ConditionalOnClass found required class 'org.springframework.security.config.annotation.web.reactive.EnableWebFluxSecurity' (OnClassCondition)

   ReactiveSecurityAutoConfiguration.SpringBootWebFluxSecurityConfiguration:
      Did not match:
         - not a reactive web application (OnWebApplicationCondition)

   ReactiveUserDetailsServiceAutoConfiguration:
      Did not match:
         - AnyNestedCondition 0 matched 3 did not; NestedCondition on ReactiveUserDetailsServiceAutoConfiguration.MissingAlternativeOrUserPropertiesConfigured.PasswordConfigured @ConditionalOnProperty (spring.security.user.password) did not find property 'password'; NestedCondition on ReactiveUserDetailsServiceAutoConfiguration.MissingAlternativeOrUserPropertiesConfigured.NameConfigured @ConditionalOnProperty (spring.security.user.name) did not find property 'name'; NestedCondition on ReactiveUserDetailsServiceAutoConfiguration.MissingAlternativeOrUserPropertiesConfigured.MissingAlternative @ConditionalOnMissingClass found unwanted class 'org.springframework.security.oauth2.client.registration.ClientRegistrationRepository' (ReactiveUserDetailsServiceAutoConfiguration.MissingAlternativeOrUserPropertiesConfigured)
      Matched:
         - @ConditionalOnClass found required class 'org.springframework.security.authentication.ReactiveAuthenticationManager' (OnClassCondition)

   ReactiveWebServerFactoryAutoConfiguration:
      Did not match:
         - not a reactive web application (OnWebApplicationCondition)
      Matched:
         - @ConditionalOnClass found required class 'org.springframework.http.ReactiveHttpInputMessage' (OnClassCondition)

   RedisAutoConfiguration#redisTemplate:
      Did not match:
         - @ConditionalOnMissingBean (names: redisTemplate; SearchStrategy: all) found beans named redisTemplate (OnBeanCondition)

   RedisHealthContributorAutoConfiguration#redisHealthContributor:
      Did not match:
         - @ConditionalOnMissingBean (names: redisHealthIndicator,redisHealthContributor; SearchStrategy: all) found beans named redisHealthContributor (OnBeanCondition)

   RepositoryRestMvcAutoConfiguration:
      Did not match:
         - @ConditionalOnClass did not find required class 'org.springframework.data.rest.webmvc.config.RepositoryRestMvcConfiguration' (OnClassCondition)

   RetryAutoConfiguration.RetryAutoEndpointConfiguration#retryEndpoint:
      Did not match:
         - @ConditionalOnAvailableEndpoint no 'management.endpoints' property marked it as exposed (OnAvailableEndpointCondition)

   RetryAutoConfiguration.RetryAutoEndpointConfiguration#retryEventsEndpoint:
      Did not match:
         - @ConditionalOnAvailableEndpoint no 'management.endpoints' property marked it as exposed (OnAvailableEndpointCondition)

   RetryMetricsAutoConfiguration#registerRetryMetrics:
      Did not match:
         - @ConditionalOnProperty (resilience4j.retry.metrics.legacy.enabled=true) did not find property 'resilience4j.retry.metrics.legacy.enabled' (OnPropertyCondition)

   Saml2RelyingPartyAutoConfiguration:
      Did not match:
         - @ConditionalOnClass did not find required class 'org.springframework.security.saml2.provider.service.registration.RelyingPartyRegistrationRepository' (OnClassCondition)

   SbomEndpointAutoConfiguration:
      Did not match:
         - @ConditionalOnAvailableEndpoint no 'management.endpoints' property marked it as exposed (OnAvailableEndpointCondition)

   ScheduledTasksEndpointAutoConfiguration:
      Did not match:
         - @ConditionalOnAvailableEndpoint no 'management.endpoints' property marked it as exposed (OnAvailableEndpointCondition)

   SecurityDataConfiguration:
      Did not match:
         - @ConditionalOnClass did not find required class 'org.springframework.security.data.repository.query.SecurityEvaluationContextExtension' (OnClassCondition)

   SecurityRequestMatchersManagementContextConfiguration.JerseyRequestMatcherConfiguration:
      Did not match:
         - @ConditionalOnClass did not find required class 'org.glassfish.jersey.server.ResourceConfig' (OnClassCondition)

   SendGridAutoConfiguration:
      Did not match:
         - @ConditionalOnClass did not find required class 'com.sendgrid.SendGrid' (OnClassCondition)

   ServletEndpointManagementContextConfiguration.JerseyServletEndpointManagementContextConfiguration:
      Did not match:
         - @ConditionalOnClass did not find required class 'org.glassfish.jersey.server.ResourceConfig' (OnClassCondition)

   ServletManagementContextAutoConfiguration.ApplicationContextFilterConfiguration:
      Did not match:
         - @ConditionalOnProperty (management.server.add-application-context-header=true) did not find property 'add-application-context-header' (OnPropertyCondition)

   ServletWebServerFactoryAutoConfiguration.ForwardedHeaderFilterConfiguration:
      Did not match:
         - @ConditionalOnProperty (server.forward-headers-strategy=framework) did not find property 'server.forward-headers-strategy' (OnPropertyCondition)

   ServletWebServerFactoryConfiguration.EmbeddedJetty:
      Did not match:
         - @ConditionalOnClass did not find required classes 'org.eclipse.jetty.server.Server', 'org.eclipse.jetty.util.Loader', 'org.eclipse.jetty.ee10.webapp.WebAppContext' (OnClassCondition)

   ServletWebServerFactoryConfiguration.EmbeddedUndertow:
      Did not match:
         - @ConditionalOnClass did not find required classes 'io.undertow.Undertow', 'org.xnio.SslClientAuthMode' (OnClassCondition)

   SessionAutoConfiguration:
      Did not match:
         - @ConditionalOnClass did not find required class 'org.springframework.session.Session' (OnClassCondition)

   SessionsEndpointAutoConfiguration:
      Did not match:
         - @ConditionalOnClass did not find required class 'org.springframework.session.Session' (OnClassCondition)

   ShutdownEndpointAutoConfiguration:
      Did not match:
         - @ConditionalOnAvailableEndpoint no property management.endpoint.shutdown.enabled found so using endpoint default of false (OnAvailableEndpointCondition)

   SignalFxMetricsExportAutoConfiguration:
      Did not match:
         - @ConditionalOnClass did not find required class 'io.micrometer.signalfx.SignalFxMeterRegistry' (OnClassCondition)

   SpringApplicationAdminJmxAutoConfiguration:
      Did not match:
         - @ConditionalOnProperty (spring.application.admin.enabled=true) did not find property 'enabled' (OnPropertyCondition)

   SpringBootWebSecurityConfiguration.SecurityFilterChainConfiguration:
      Did not match:
         - AllNestedConditions 1 matched 1 did not; NestedCondition on DefaultWebSecurityCondition.Beans @ConditionalOnMissingBean (types: org.springframework.security.web.SecurityFilterChain; SearchStrategy: all) found beans of type 'org.springframework.security.web.SecurityFilterChain' filterChain; NestedCondition on DefaultWebSecurityCondition.Classes @ConditionalOnClass found required classes 'org.springframework.security.web.SecurityFilterChain', 'org.springframework.security.config.annotation.web.builders.HttpSecurity' (DefaultWebSecurityCondition)

   SpringBootWebSecurityConfiguration.WebSecurityEnablerConfiguration:
      Did not match:
         - @ConditionalOnMissingBean (names: springSecurityFilterChain; SearchStrategy: all) found beans named springSecurityFilterChain (OnBeanCondition)
      Matched:
         - @ConditionalOnClass found required class 'org.springframework.security.config.annotation.web.configuration.EnableWebSecurity' (OnClassCondition)

   StackdriverMetricsExportAutoConfiguration:
      Did not match:
         - @ConditionalOnClass did not find required class 'io.micrometer.stackdriver.StackdriverMeterRegistry' (OnClassCondition)

   StartupEndpointAutoConfiguration:
      Did not match:
         - ApplicationStartup configured applicationStartup is of type class org.springframework.core.metrics.DefaultApplicationStartup, expected BufferingApplicationStartup. (StartupEndpointAutoConfiguration.ApplicationStartupCondition)

   StatsdMetricsExportAutoConfiguration:
      Did not match:
         - @ConditionalOnClass did not find required class 'io.micrometer.statsd.StatsdMeterRegistry' (OnClassCondition)

   TaskExecutorConfigurations.SimpleAsyncTaskExecutorBuilderConfiguration#simpleAsyncTaskExecutorBuilderVirtualThreads:
      Did not match:
         - @ConditionalOnMissingBean (types: org.springframework.boot.task.SimpleAsyncTaskExecutorBuilder; SearchStrategy: all) found beans of type 'org.springframework.boot.task.SimpleAsyncTaskExecutorBuilder' simpleAsyncTaskExecutorBuilder (OnBeanCondition)

   TaskExecutorConfigurations.TaskExecutorConfiguration#applicationTaskExecutorVirtualThreads:
      Did not match:
         - @ConditionalOnThreading did not find VIRTUAL (OnThreadingCondition)

   TaskSchedulingConfigurations.SimpleAsyncTaskSchedulerBuilderConfiguration#simpleAsyncTaskSchedulerBuilderVirtualThreads:
      Did not match:
         - @ConditionalOnMissingBean (types: org.springframework.boot.task.SimpleAsyncTaskSchedulerBuilder; SearchStrategy: all) found beans of type 'org.springframework.boot.task.SimpleAsyncTaskSchedulerBuilder' simpleAsyncTaskSchedulerBuilder (OnBeanCondition)

   TaskSchedulingConfigurations.TaskSchedulerConfiguration#taskSchedulerVirtualThreads:
      Did not match:
         - @ConditionalOnThreading did not find VIRTUAL (OnThreadingCondition)

   ThreadPoolBulkheadMetricsAutoConfiguration#registerThreadPoolBulkheadMetrics:
      Did not match:
         - @ConditionalOnProperty (resilience4j.thread-pool-bulkhead.metrics.legacy.enabled=true) did not find property 'resilience4j.thread-pool-bulkhead.metrics.legacy.enabled' (OnPropertyCondition)

   ThymeleafAutoConfiguration:
      Did not match:
         - @ConditionalOnClass did not find required class 'org.thymeleaf.spring6.SpringTemplateEngine' (OnClassCondition)

   TimeLimiterAutoConfiguration.TimeLimiterAutoEndpointConfiguration#timeLimiterEndpoint:
      Did not match:
         - @ConditionalOnAvailableEndpoint no 'management.endpoints' property marked it as exposed (OnAvailableEndpointCondition)

   TimeLimiterAutoConfiguration.TimeLimiterAutoEndpointConfiguration#timeLimiterEventsEndpoint:
      Did not match:
         - @ConditionalOnAvailableEndpoint no 'management.endpoints' property marked it as exposed (OnAvailableEndpointCondition)

   TimeLimiterMetricsAutoConfiguration#registerTimeLimiterMetrics:
      Did not match:
         - @ConditionalOnProperty (resilience4j.timelimiter.metrics.legacy.enabled=true) did not find property 'resilience4j.timelimiter.metrics.legacy.enabled' (OnPropertyCondition)

   TimerAutoConfiguration:
      Did not match:
         - @ConditionalOnClass did not find required class 'io.github.resilience4j.micrometer.Timer' (OnClassCondition)

   TransactionAutoConfiguration#transactionalOperator:
      Did not match:
         - @ConditionalOnSingleCandidate (types: org.springframework.transaction.ReactiveTransactionManager; SearchStrategy: all) did not find any beans (OnBeanCondition)

   TransactionAutoConfiguration.AspectJTransactionManagementConfiguration:
      Did not match:
         - @ConditionalOnBean (types: org.springframework.transaction.aspectj.AbstractTransactionAspect; SearchStrategy: all) did not find any beans of type org.springframework.transaction.aspectj.AbstractTransactionAspect (OnBeanCondition)

   TransactionAutoConfiguration.EnableTransactionManagementConfiguration.JdkDynamicAutoProxyConfiguration:
      Did not match:
         - @ConditionalOnProperty (spring.aop.proxy-target-class=false) did not find property 'proxy-target-class' (OnPropertyCondition)

   UserDetailsServiceAutoConfiguration:
      Did not match:
         - AnyNestedCondition 0 matched 3 did not; NestedCondition on UserDetailsServiceAutoConfiguration.MissingAlternativeOrUserPropertiesConfigured.PasswordConfigured @ConditionalOnProperty (spring.security.user.password) did not find property 'password'; NestedCondition on UserDetailsServiceAutoConfiguration.MissingAlternativeOrUserPropertiesConfigured.NameConfigured @ConditionalOnProperty (spring.security.user.name) did not find property 'name'; NestedCondition on UserDetailsServiceAutoConfiguration.MissingAlternativeOrUserPropertiesConfigured.MissingAlternative @ConditionalOnMissingClass found unwanted class 'org.springframework.security.oauth2.client.registration.ClientRegistrationRepository' (UserDetailsServiceAutoConfiguration.MissingAlternativeOrUserPropertiesConfigured)
      Matched:
         - @ConditionalOnClass found required class 'org.springframework.security.authentication.AuthenticationManager' (OnClassCondition)

   WavefrontAutoConfiguration:
      Did not match:
         - @ConditionalOnClass did not find required class 'com.wavefront.sdk.common.application.ApplicationTags' (OnClassCondition)

   WavefrontMetricsExportAutoConfiguration:
      Did not match:
         - @ConditionalOnClass did not find required class 'com.wavefront.sdk.common.WavefrontSender' (OnClassCondition)

   WavefrontTracingAutoConfiguration:
      Did not match:
         - @ConditionalOnClass did not find required class 'com.wavefront.sdk.common.WavefrontSender' (OnClassCondition)

   WebFluxAutoConfiguration:
      Did not match:
         - not a reactive web application (OnWebApplicationCondition)
      Matched:
         - @ConditionalOnClass found required class 'org.springframework.web.reactive.config.WebFluxConfigurer' (OnClassCondition)

   WebFluxEndpointManagementContextConfiguration:
      Did not match:
         - not a reactive web application (OnWebApplicationCondition)
      Matched:
         - @ConditionalOnClass found required classes 'org.springframework.web.reactive.DispatcherHandler', 'org.springframework.http.server.reactive.HttpHandler' (OnClassCondition)

   WebFluxObservationAutoConfiguration:
      Did not match:
         - not a reactive web application (OnWebApplicationCondition)
      Matched:
         - @ConditionalOnClass found required classes 'io.micrometer.observation.Observation', 'io.micrometer.core.instrument.MeterRegistry' (OnClassCondition)

   WebMvcAutoConfiguration#hiddenHttpMethodFilter:
      Did not match:
         - @ConditionalOnProperty (spring.mvc.hiddenmethod.filter.enabled) did not find property 'enabled' (OnPropertyCondition)

   WebMvcAutoConfiguration.ProblemDetailsErrorHandlingConfiguration:
      Did not match:
         - @ConditionalOnProperty (spring.mvc.problemdetails.enabled=true) did not find property 'enabled' (OnPropertyCondition)

   WebMvcAutoConfiguration.ResourceChainCustomizerConfiguration:
      Did not match:
         - @ConditionalOnEnabledResourceChain did not find class org.webjars.WebJarAssetLocator (OnEnabledResourceChainCondition)

   WebMvcAutoConfiguration.WebMvcAutoConfigurationAdapter#beanNameViewResolver:
      Did not match:
         - @ConditionalOnMissingBean (types: org.springframework.web.servlet.view.BeanNameViewResolver; SearchStrategy: all) found beans of type 'org.springframework.web.servlet.view.BeanNameViewResolver' beanNameViewResolver (OnBeanCondition)

   WebMvcEndpointManagementContextConfiguration#managementHealthEndpointWebMvcHandlerMapping:
      Did not match:
         - Management Port actual port type (SAME) did not match required type (DIFFERENT) (OnManagementPortCondition)

   WebServiceTemplateAutoConfiguration:
      Did not match:
         - @ConditionalOnClass did not find required class 'org.springframework.ws.client.core.WebServiceTemplate' (OnClassCondition)

   WebServicesAutoConfiguration:
      Did not match:
         - @ConditionalOnClass did not find required class 'org.springframework.ws.transport.http.MessageDispatcherServlet' (OnClassCondition)

   WebSessionIdResolverAutoConfiguration:
      Did not match:
         - not a reactive web application (OnWebApplicationCondition)
      Matched:
         - @ConditionalOnClass found required classes 'org.springframework.web.server.session.WebSessionManager', 'reactor.core.publisher.Mono' (OnClassCondition)

   WebSocketMessagingAutoConfiguration:
      Did not match:
         - @ConditionalOnClass did not find required class 'org.springframework.web.socket.config.annotation.WebSocketMessageBrokerConfigurer' (OnClassCondition)

   WebSocketReactiveAutoConfiguration:
      Did not match:
         - not a reactive web application (OnWebApplicationCondition)
      Matched:
         - @ConditionalOnClass found required classes 'jakarta.servlet.Servlet', 'jakarta.websocket.server.ServerContainer' (OnClassCondition)

   WebSocketServletAutoConfiguration.JettyWebSocketConfiguration:
      Did not match:
         - @ConditionalOnClass did not find required class 'org.eclipse.jetty.ee10.websocket.jakarta.server.config.JakartaWebSocketServletContainerInitializer' (OnClassCondition)

   WebSocketServletAutoConfiguration.UndertowWebSocketConfiguration:
      Did not match:
         - @ConditionalOnClass did not find required class 'io.undertow.websockets.jsr.Bootstrap' (OnClassCondition)

   XADataSourceAutoConfiguration:
      Did not match:
         - @ConditionalOnBean (types: org.springframework.boot.jdbc.XADataSourceWrapper; SearchStrategy: all) did not find any beans of type org.springframework.boot.jdbc.XADataSourceWrapper (OnBeanCondition)
      Matched:
         - @ConditionalOnClass found required classes 'javax.sql.DataSource', 'jakarta.transaction.TransactionManager', 'org.springframework.jdbc.datasource.embedded.EmbeddedDatabaseType' (OnClassCondition)

   ZipkinAutoConfiguration:
      Did not match:
         - @ConditionalOnClass did not find required class 'zipkin2.reporter.Encoding' (OnClassCondition)


Exclusions:
-----------

    None


Unconditional classes:
----------------------

    org.springframework.boot.autoconfigure.context.ConfigurationPropertiesAutoConfiguration

    org.springframework.boot.actuate.autoconfigure.availability.AvailabilityHealthContributorAutoConfiguration

    org.springframework.boot.autoconfigure.ssl.SslAutoConfiguration

    org.springframework.boot.actuate.autoconfigure.info.InfoContributorAutoConfiguration

    org.springframework.boot.autoconfigure.context.PropertyPlaceholderAutoConfiguration

    org.springframework.boot.autoconfigure.context.LifecycleAutoConfiguration

    org.springframework.boot.actuate.autoconfigure.metrics.integration.IntegrationMetricsAutoConfiguration

    org.springframework.boot.actuate.autoconfigure.endpoint.EndpointAutoConfiguration

    org.springframework.boot.actuate.autoconfigure.web.server.ManagementContextAutoConfiguration

    org.springframework.boot.actuate.autoconfigure.health.HealthContributorAutoConfiguration

    org.springframework.boot.actuate.autoconfigure.endpoint.jackson.JacksonEndpointAutoConfiguration

    org.springframework.boot.autoconfigure.availability.ApplicationAvailabilityAutoConfiguration

    org.springframework.boot.autoconfigure.info.ProjectInfoAutoConfiguration



2026-02-11T11:57:58.361+05:30 DEBUG 22376 --- [gametout] [main] .s.a.a.a.ReflectiveAspectJAdvisorFactory : Found AspectJ method: public void com.gametout.gametout.verification.EmailVerificationAspect.checkEmailVerification()
2026-02-11T11:57:58.363+05:30 DEBUG 22376 --- [gametout] [main] .s.a.a.a.ReflectiveAspectJAdvisorFactory : Found AspectJ method: public java.lang.Object io.github.resilience4j.spring6.bulkhead.configure.BulkheadAspect.bulkheadAroundAdvice(org.aspectj.lang.ProceedingJoinPoint,io.github.resilience4j.bulkhead.annotation.Bulkhead) throws java.lang.Throwable
2026-02-11T11:57:58.364+05:30 DEBUG 22376 --- [gametout] [main] .s.a.a.a.ReflectiveAspectJAdvisorFactory : Found AspectJ method: public java.lang.Object io.github.resilience4j.spring6.circuitbreaker.configure.CircuitBreakerAspect.circuitBreakerAroundAdvice(org.aspectj.lang.ProceedingJoinPoint,io.github.resilience4j.circuitbreaker.annotation.CircuitBreaker) throws java.lang.Throwable
2026-02-11T11:57:58.365+05:30 DEBUG 22376 --- [gametout] [main] .s.a.a.a.ReflectiveAspectJAdvisorFactory : Found AspectJ method: public java.lang.Object io.github.resilience4j.spring6.ratelimiter.configure.RateLimiterAspect.rateLimiterAroundAdvice(org.aspectj.lang.ProceedingJoinPoint,io.github.resilience4j.ratelimiter.annotation.RateLimiter) throws java.lang.Throwable
2026-02-11T11:57:58.366+05:30 DEBUG 22376 --- [gametout] [main] .s.a.a.a.ReflectiveAspectJAdvisorFactory : Found AspectJ method: public java.lang.Object io.github.resilience4j.spring6.retry.configure.RetryAspect.retryAroundAdvice(org.aspectj.lang.ProceedingJoinPoint,io.github.resilience4j.retry.annotation.Retry) throws java.lang.Throwable
2026-02-11T11:57:58.367+05:30 DEBUG 22376 --- [gametout] [main] .s.a.a.a.ReflectiveAspectJAdvisorFactory : Found AspectJ method: public java.lang.Object io.github.resilience4j.spring6.timelimiter.configure.TimeLimiterAspect.timeLimiterAroundAdvice(org.aspectj.lang.ProceedingJoinPoint,io.github.resilience4j.timelimiter.annotation.TimeLimiter) throws java.lang.Throwable
2026-02-11T11:57:58.369+05:30 DEBUG 22376 --- [gametout] [main] .s.a.a.a.ReflectiveAspectJAdvisorFactory : Found AspectJ method: public java.lang.Object io.micrometer.observation.aop.ObservedAspect.observeClass(org.aspectj.lang.ProceedingJoinPoint) throws java.lang.Throwable
2026-02-11T11:57:58.369+05:30 DEBUG 22376 --- [gametout] [main] .s.a.a.a.ReflectiveAspectJAdvisorFactory : Found AspectJ method: public java.lang.Object io.micrometer.observation.aop.ObservedAspect.observeMethod(org.aspectj.lang.ProceedingJoinPoint) throws java.lang.Throwable
2026-02-11T11:57:58.386+05:30 DEBUG 22376 --- [gametout] [main] o.s.b.f.s.DefaultListableBeanFactory     : Creating shared instance of singleton bean 'data-jpa.repository-aot-processor#0'
2026-02-11T11:57:58.391+05:30 DEBUG 22376 --- [gametout] [main] o.s.b.f.s.DefaultListableBeanFactory     : Creating shared instance of singleton bean 'data-redis.repository-aot-processor#0'
2026-02-11T11:57:58.399+05:30 DEBUG 22376 --- [gametout] [main] o.h.v.i.xml.config.ValidationXmlParser   : Trying to load META-INF/validation.xml for XML based Validator configuration.
2026-02-11T11:57:58.400+05:30 DEBUG 22376 --- [gametout] [main] o.h.v.i.xml.config.ResourceLoaderHelper  : Trying to load META-INF/validation.xml via TCCL
2026-02-11T11:57:58.400+05:30 DEBUG 22376 --- [gametout] [main] o.h.v.i.xml.config.ResourceLoaderHelper  : Trying to load META-INF/validation.xml via Hibernate Validator's class loader
2026-02-11T11:57:58.400+05:30 DEBUG 22376 --- [gametout] [main] o.h.v.i.xml.config.ValidationXmlParser   : No META-INF/validation.xml found. Using annotation based configuration only.
2026-02-11T11:57:58.401+05:30 DEBUG 22376 --- [gametout] [main] o.h.v.i.e.resolver.TraversableResolvers  : Found jakarta.persistence.Persistence on classpath containing 'getPersistenceUtil'. Assuming JPA 2 environment. Trying to instantiate JPA aware TraversableResolver
2026-02-11T11:57:58.401+05:30 DEBUG 22376 --- [gametout] [main] o.h.v.i.e.resolver.TraversableResolvers  : Instantiated JPA aware TraversableResolver of type org.hibernate.validator.internal.engine.resolver.JPATraversableResolver.
2026-02-11T11:57:58.401+05:30 DEBUG 22376 --- [gametout] [main] .h.v.m.ResourceBundleMessageInterpolator : Loaded expression factory via original TCCL
2026-02-11T11:57:58.404+05:30 DEBUG 22376 --- [gametout] [main] .i.e.ValidatorFactoryConfigurationHelper : HV000252: Using org.hibernate.validator.internal.engine.DefaultPropertyNodeNameProvider as property node name provider.
2026-02-11T11:57:58.405+05:30 DEBUG 22376 --- [gametout] [main] .i.e.ValidatorFactoryConfigurationHelper : HV000234: Using org.hibernate.validator.messageinterpolation.ResourceBundleMessageInterpolator as ValidatorFactory-scoped message interpolator.
2026-02-11T11:57:58.405+05:30 DEBUG 22376 --- [gametout] [main] .i.e.ValidatorFactoryConfigurationHelper : HV000234: Using org.hibernate.validator.internal.engine.resolver.JPATraversableResolver as ValidatorFactory-scoped traversable resolver.
2026-02-11T11:57:58.405+05:30 DEBUG 22376 --- [gametout] [main] .i.e.ValidatorFactoryConfigurationHelper : HV000234: Using org.hibernate.validator.internal.util.ExecutableParameterNameProvider as ValidatorFactory-scoped parameter name provider.
2026-02-11T11:57:58.405+05:30 DEBUG 22376 --- [gametout] [main] .i.e.ValidatorFactoryConfigurationHelper : HV000234: Using org.hibernate.validator.internal.engine.DefaultClockProvider as ValidatorFactory-scoped clock provider.
2026-02-11T11:57:58.406+05:30 DEBUG 22376 --- [gametout] [main] .i.e.ValidatorFactoryConfigurationHelper : HV000234: Using org.hibernate.validator.internal.engine.scripting.DefaultScriptEvaluatorFactory as ValidatorFactory-scoped script evaluator factory.
2026-02-11T11:58:00.760+05:30 DEBUG 22376 --- [gametout] [main] o.s.b.f.s.DefaultListableBeanFactory     : Creating shared instance of singleton bean 'jsonMixinModuleEntries'
2026-02-11T11:58:00.762+05:30 DEBUG 22376 --- [gametout] [main] o.s.b.f.s.DefaultListableBeanFactory     : Autowiring by type from bean name 'jsonMixinModuleEntries' via factory method to bean named 'org.springframework.boot.web.servlet.context.AnnotationConfigServletWebServerApplicationContext@3401a114'
2026-02-11T11:58:00.951+05:30 DEBUG 22376 --- [gametout] [main] o.s.b.f.s.DefaultListableBeanFactory     : Creating shared instance of singleton bean 'persistenceManagedTypes'
2026-02-11T11:58:00.953+05:30 DEBUG 22376 --- [gametout] [main] o.s.b.f.s.DefaultListableBeanFactory     : Autowiring by type from bean name 'persistenceManagedTypes' via factory method to bean named 'org.springframework.beans.factory.support.DefaultListableBeanFactory@2f94c4db'
2026-02-11T11:58:00.954+05:30 DEBUG 22376 --- [gametout] [main] o.s.b.f.s.DefaultListableBeanFactory     : Autowiring by type from bean name 'persistenceManagedTypes' via factory method to bean named 'org.springframework.boot.web.servlet.context.AnnotationConfigServletWebServerApplicationContext@3401a114'
2026-02-11T11:58:01.581+05:30 DEBUG 22376 --- [gametout] [main] o.s.b.c.c.ConfigDataLocationRuntimeHints : Registering application configuration hints for [application]([.properties, .xml, .yml, .yaml]) at [classpath:/, classpath:/config/]
